id_localizacao,rua,numero,bairro,cidade,estado,pais
1,Juan Plaza,197,fort,West Christopher,California,San Marino
2,Alexander Row,806,furt,New Melodytown,Georgia,Kazakhstan
3,Bird Roads,448,furt,New Paulside,Louisiana,Aruba
4,Danielle Estate,350,fort,Bradleyhaven,New York,Chad
5,Dawson Oval,949,berg,Lake Jacob,Hawaii,Niger
6,Mark Rapids,597,burgh,West Benjaminmouth,Louisiana,Tuvalu
7,Stephanie Throughway,67,shire,Anthonyfort,Indiana,Ecuador
8,Rivera Station,315,mouth,Hudsonberg,Alaska,Italy
9,Jennifer Lakes,623,fort,West Matthewland,Arkansas,Algeria
10,Kelly Summit,345,burgh,East Meghan,California,Estonia
11,Ashley Rue,803,town,Michaelberg,West Virginia,Mali
12,Jessica Viaduct,43,ton,North Russell,Minnesota,Malaysia
13,Peters Plains,429,ville,North Tanyachester,Pennsylvania,Cape Verde
14,Lindsay Passage,935,view,Aaronchester,North Dakota,Egypt
15,Alexander Terrace,218,shire,Lake Samuel,Washington,El Salvador
16,Suzanne Branch,447,stad,Bowmanstad,Iowa,Serbia
17,Charles Plain,363,ville,East Jeffreyview,Alabama,Pakistan
18,Julie Spurs,170,bury,Thompsonstad,Alaska,Australia
19,Oliver Islands,327,haven,Caseyton,Alabama,Colombia
20,Thompson Pike,274,shire,Jeffreystad,Georgia,Monaco
21,Melissa Skyway,645,mouth,North Jacqueline,West Virginia,Seychelles
22,King Skyway,993,stad,Moniquefurt,Arkansas,Lesotho
23,John Streets,994,town,North Nicoleview,North Dakota,Puerto Rico
24,Kellie Light,904,bury,Madisonfort,Oklahoma,Pitcairn Islands
25,Brittany Lodge,524,shire,New Ashleymouth,Texas,Saint Vincent and the Grenadines
26,Salazar Prairie,269,land,Tinamouth,North Carolina,Guinea
27,Rebecca Tunnel,88,ville,Warnerstad,New Mexico,Uruguay
28,Sanchez Radial,62,view,Patriciamouth,North Dakota,Iran
29,Robert Manor,348,side,Rileyland,Minnesota,Maldives
30,Pope Bypass,400,mouth,West Rhondafurt,Maine,Tunisia
31,Peter Flat,555,furt,South Michellehaven,Oregon,Jersey
32,Lewis Radial,827,port,Johnsonside,South Carolina,Montenegro
33,Watson Radial,482,shire,West Monica,Oklahoma,Korea
34,Karen Village,182,furt,North Karenborough,Louisiana,United States of America
35,Palmer Village,440,mouth,New Alexander,South Carolina,Congo
36,Larson Path,75,view,Lake Lee,Minnesota,Ecuador
37,Walton Light,458,stad,East Danburgh,Maryland,Guyana
38,Valerie Dale,554,haven,Andrewsfurt,New Mexico,Samoa
39,Roy Manors,488,port,Thomastown,Virginia,Sierra Leone
40,Guerrero Stravenue,603,side,Barbaratown,Virginia,Gabon
41,Smith Meadows,821,furt,North Curtis,Utah,Solomon Islands
42,Ryan Place,325,mouth,Lake Michael,Maine,Chile
43,Scott Vista,53,town,Port Monica,Washington,Liberia
44,Edwards Crest,586,fort,Willismouth,South Dakota,Lesotho
45,Eric Greens,977,ton,New Deanna,Alabama,Burundi
46,May Fords,912,view,Elizabethstad,Michigan,Kenya
47,Kimberly Street,508,ton,Gallowaystad,Maine,Azerbaijan
48,Amber Circles,635,land,New Kyle,Maryland,Estonia
49,Spence Squares,546,haven,Jamieborough,Alaska,Bermuda
50,Donna Gardens,184,chester,New Davidport,Delaware,Estonia
51,Leslie Trace,369,side,South Nicoleport,Washington,Senegal
52,Harris Spur,48,mouth,Elizabethbury,South Carolina,United Kingdom
53,Phillips Crossing,126,burgh,North Patrickhaven,Delaware,Tuvalu
54,Mendoza Route,999,land,New James,Indiana,Bahamas
55,Melissa Trace,857,fort,Hansonview,North Dakota,Mauritania
56,Brenda Plains,744,fort,Lake Audreyville,Georgia,Dominican Republic
57,Claudia Forges,119,land,Macdonaldburgh,Alabama,Faroe Islands
58,Carlos Ports,533,side,Millerstad,Iowa,Nepal
59,Alexander Courts,484,borough,Port Andrewshire,Colorado,Mayotte
60,Davis Summit,255,fort,Gregoryborough,Oregon,Burkina Faso
61,Harding Islands,734,shire,Jasminechester,Indiana,Faroe Islands
62,Tracy Ranch,76,mouth,Thomasside,Kansas,Mozambique
63,Timothy Field,227,haven,Paulfurt,Tennessee,Paraguay
64,Tabitha Walks,56,port,North Meghanland,Massachusetts,Saint Martin
65,Baker Fall,208,haven,Jillianberg,Arizona,Burundi
66,Isaiah Overpass,905,shire,North Michelleville,South Carolina,Western Sahara
67,Heather Mission,976,fort,Travismouth,Louisiana,Papua New Guinea
68,Jennifer Meadows,7,view,Sweeneyville,South Carolina,Mozambique
69,Jones Centers,571,haven,South Henryville,Louisiana,Yemen
70,Andrew Island,100,land,Weaverfurt,Nevada,Central African Republic
71,Williams Mall,987,fort,Port Victoria,New Hampshire,Northern Mariana Islands
72,Robinson Village,52,shire,East Michele,Rhode Island,Mauritius
73,York Throughway,53,land,Michellestad,Tennessee,Martinique
74,Weber Plaza,903,mouth,Lambertfurt,Pennsylvania,Argentina
75,Carol Orchard,631,shire,Emilymouth,South Dakota,Spain
76,Hartman Mountain,860,side,East Anthony,Washington,Singapore
77,Kirby Green,322,haven,North Jessica,Wisconsin,Mexico
78,Pierce Rest,383,haven,Howardchester,Utah,Peru
79,Spencer Walks,946,town,Port Mark,Georgia,South Africa
80,Courtney Lodge,579,land,Janicemouth,Alabama,Puerto Rico
81,Hooper Station,340,ville,Dannymouth,Wyoming,British Indian Ocean Territory (Chagos Archipelago)
82,Veronica Radial,494,haven,Lake Kylefurt,Ohio,Cook Islands
83,Vanessa Knoll,471,town,Thomasport,Nebraska,India
84,Tammy Mall,615,stad,Ryanfort,Louisiana,Italy
85,Fischer Islands,806,view,East Cameron,Maryland,South Africa
86,Edwards Mill,510,borough,Lake Elizabeth,Louisiana,New Zealand
87,Hall Canyon,822,stad,North Shariborough,Alabama,Saint Kitts and Nevis
88,Annette Fort,558,berg,Port Cindyborough,Georgia,Nigeria
89,Dakota River,976,ton,Gardnertown,Kansas,Gibraltar
90,Larry Vista,371,fort,South Richard,Arkansas,Puerto Rico
91,Morris Inlet,417,shire,North Michaelborough,Tennessee,Gambia
92,Wilson Mall,981,fort,North Susan,New Mexico,Germany
93,Thomas Valley,468,mouth,Lake Lisashire,Oregon,Cameroon
94,Rodriguez Drives,994,view,Lake Stephenport,Arkansas,Cayman Islands
95,Callahan Falls,282,furt,Thomaston,Maryland,Eritrea
96,Lopez Valleys,650,shire,South Ashley,North Dakota,Puerto Rico
97,Harris Brook,947,stad,Lake Charlesbury,Rhode Island,Norway
98,Michael Coves,523,furt,Stevemouth,Maryland,Cameroon
99,Brooke Knoll,873,mouth,Shawland,Illinois,Lithuania
100,Webb Well,988,stad,Ortizchester,Michigan,Isle of Man
101,Hernandez Branch,587,view,Wileyview,California,El Salvador
102,Hall Unions,231,ville,Bensonstad,Rhode Island,Benin
103,Harris Islands,553,ville,West Bryan,Connecticut,French Polynesia
104,Cassandra Lights,362,land,Maciasmouth,Wisconsin,Malawi
105,Hernandez Streets,254,mouth,New Carlstad,South Dakota,Sweden
106,Walker Forges,692,fort,Port Kaitlinborough,Oregon,Guinea-Bissau
107,Robert Green,746,ton,New Bethany,Missouri,Barbados
108,Andres Crossroad,821,mouth,East David,Arkansas,Swaziland
109,Harding Mountains,737,port,Karenstad,Minnesota,Spain
110,Kelly Curve,229,ville,Wilsonfurt,Tennessee,Guinea
111,Mccarthy Well,486,ton,Ronaldland,Hawaii,Spain
112,Nelson Villages,615,bury,Sandrastad,Mississippi,French Guiana
113,Carrie Orchard,821,fort,West Eric,Maine,Togo
114,Ellison Vista,437,land,Aliberg,North Dakota,Eritrea
115,Jacob Plaza,430,haven,North Dennisborough,Vermont,Kiribati
116,Kayla Fords,538,port,Hartmanbury,Washington,Central African Republic
117,Kevin Port,83,ville,South Susanmouth,California,Benin
118,Vanessa Meadow,965,view,Blakeberg,New Jersey,Belarus
119,Sandoval Path,501,fort,West Douglas,Virginia,Kiribati
120,Mary Plaza,727,stad,Baileyfort,New Mexico,Uruguay
121,Maureen Freeway,276,view,West Deniseland,South Carolina,Guinea-Bissau
122,Jennifer Crest,330,ton,South Kathleenfurt,Hawaii,New Zealand
123,Christina Loaf,677,ville,Thomasview,New Mexico,Iraq
124,Diaz Rest,822,haven,Nelsonborough,Alabama,British Virgin Islands
125,Schwartz Streets,653,berg,New Matthew,Georgia,Slovakia (Slovak Republic)
126,Robert Prairie,717,borough,Lake Jessicaberg,Montana,Mauritania
127,Amber Road,807,land,New Jacobton,Montana,Maldives
128,Walsh Park,108,town,West Kelseyfort,Maryland,Guernsey
129,Richards Tunnel,73,chester,Lake Rachel,Florida,Malta
130,Jackson Summit,101,chester,West Calvinview,Ohio,Mauritania
131,Heather Neck,824,stad,New Heathershire,Washington,Tanzania
132,Williams Locks,590,mouth,Hillborough,Georgia,Senegal
133,Ross Point,678,side,Lauraside,Delaware,Lithuania
134,Hutchinson Cape,628,port,West Matthewburgh,Washington,Swaziland
135,Keith Throughway,402,side,Lake Dawnview,Nebraska,Singapore
136,Nancy Locks,957,view,New Alex,Washington,Congo
137,Myers Manors,881,borough,Port Jonmouth,Florida,Guatemala
138,Gonzales Rest,490,town,East Jordan,Iowa,Macedonia
139,Figueroa Light,347,side,Bergfurt,Kentucky,Tanzania
140,Kim Creek,418,stad,Karenmouth,Nevada,Cayman Islands
141,Nicole Summit,534,ton,Cummingsside,Indiana,Saint Helena
142,Vega Courts,729,port,Lake Christophertown,Illinois,Equatorial Guinea
143,Marquez Spurs,800,mouth,Simmonstown,Vermont,Eritrea
144,Hannah Motorway,449,furt,Warnershire,Utah,Bahamas
145,David Unions,654,bury,West Elizabeth,California,Algeria
146,Jennifer Cliffs,40,berg,Lake Sierra,Hawaii,Guam
147,Brian Bypass,266,haven,Aaronstad,Washington,Central African Republic
148,Alexa Skyway,281,fort,Lake Rachel,Missouri,Tonga
149,David Rue,992,chester,East Heather,Utah,Heard Island and McDonald Islands
150,Susan Locks,639,stad,Christopherland,Wyoming,Bhutan
151,Osborn Passage,85,chester,South Jasmine,Maryland,Christmas Island
152,Thomas Cliff,559,chester,Gonzalezbury,Kansas,Senegal
153,Nelson Walk,258,furt,South Thomas,Oregon,Macao
154,Gregory Lane,455,view,Stacytown,Arkansas,Samoa
155,Conway Trail,925,furt,Mckinneychester,Arizona,Micronesia
156,Haynes Keys,695,port,East Jessicamouth,Massachusetts,Vietnam
157,Hall Drive,751,burgh,Bradhaven,Maryland,Guyana
158,Rita Valley,925,bury,North Emily,Mississippi,Saint Vincent and the Grenadines
159,Brown Row,168,haven,Williamsborough,Wyoming,Colombia
160,Emily Meadows,841,town,Snydertown,Missouri,Pakistan
161,Lamb Glens,796,furt,Brownchester,West Virginia,Sao Tome and Principe
162,Adam Squares,554,chester,Clarkhaven,Connecticut,Martinique
163,Jones Flats,793,burgh,Port Michael,Maine,Albania
164,Felicia Island,280,port,Lake Jeromeside,New York,South Georgia and the South Sandwich Islands
165,Holly Mountains,453,mouth,South Claudiafort,Nebraska,Netherlands
166,Kathleen Port,626,mouth,South Henryville,Maryland,Papua New Guinea
167,Winters Drives,551,bury,West Kristin,Nevada,Taiwan
168,John Stream,351,port,South Marieside,New Hampshire,Botswana
169,Cantrell Ranch,714,side,Monroestad,Rhode Island,Sweden
170,Dodson Creek,160,port,New Ryan,Arkansas,Ireland
171,Simmons Harbor,927,town,Griffithmouth,Washington,Belarus
172,Michelle Mews,603,haven,Shannonchester,South Dakota,Brunei Darussalam
173,Kenneth Burg,156,burgh,Jamesland,West Virginia,Mozambique
174,Davis Freeway,270,mouth,New Robin,West Virginia,Central African Republic
175,Vasquez Unions,140,port,Debbiemouth,Oklahoma,Northern Mariana Islands
176,Jason Highway,339,berg,Johnmouth,Kansas,Peru
177,Stephanie Cliff,42,view,Codyhaven,California,Lebanon
178,Michael View,740,berg,New Sue,Washington,Bolivia
179,David Stravenue,831,mouth,Josephberg,Georgia,Korea
180,Williams Fields,112,haven,North Joshualand,West Virginia,Latvia
181,Bush Bridge,208,ton,Michaelchester,Wisconsin,Russian Federation
182,Mary Light,831,berg,Port Vanessachester,Nebraska,United Arab Emirates
183,Nguyen Inlet,776,haven,Newmanshire,Iowa,South Africa
184,Charles Falls,901,view,South Rachelstad,Wisconsin,Norfolk Island
185,Michael Shoals,646,town,East Tinaview,California,Belgium
186,Nathan Shoals,104,land,Lake Leahmouth,Vermont,Honduras
187,Summer Vista,363,borough,South Adam,Maine,Saint Martin
188,Nash Ports,643,shire,North Kenneth,New Hampshire,Liechtenstein
189,Owens Throughway,860,furt,Maureenside,Utah,Netherlands
190,Mejia Brooks,904,haven,Hartbury,Minnesota,Sierra Leone
191,Christian Meadows,891,mouth,Jensenfurt,North Carolina,Belarus
192,Ashley Junction,888,view,Shawville,Oregon,Congo
193,Jimenez Ferry,433,land,Adamsfurt,Arkansas,Vanuatu
194,Bishop Flats,34,haven,Jenniferchester,Rhode Island,Norfolk Island
195,Kimberly Lights,896,berg,Frenchhaven,Oregon,Sudan
196,Irwin Spurs,9,mouth,Jonesfort,California,Congo
197,Stephanie Row,874,burgh,Parkerchester,New Hampshire,Niger
198,Johnson Divide,809,shire,Castrofurt,Connecticut,Saint Barthelemy
199,Elijah Turnpike,30,view,South Shannon,Arkansas,Benin
200,Lee Flat,300,port,Ortizport,New Hampshire,Tuvalu
201,Olson Lake,604,chester,Brandonhaven,Vermont,China
202,Brown Streets,582,ton,Hughesfurt,Alabama,Western Sahara
203,Christina Brooks,785,land,North Timothybury,Tennessee,Lao People's Democratic Republic
204,Dunlap Road,908,burgh,Travisberg,New Mexico,Micronesia
205,Kimberly Pike,733,bury,New Jill,Virginia,Greece
206,Natalie Points,674,land,Port Michael,Louisiana,Nicaragua
207,Stephanie Points,428,berg,Leefurt,Michigan,Benin
208,Kelly Parkway,324,berg,Mortonport,Wyoming,Namibia
209,Merritt Underpass,50,burgh,Joshualand,Vermont,Antigua and Barbuda
210,Huynh Prairie,129,stad,Lake Melissa,Wisconsin,Libyan Arab Jamahiriya
211,Chapman Cliffs,836,ville,Hillburgh,Washington,India
212,Estrada Road,550,fort,West Jillberg,Montana,Isle of Man
213,William Haven,686,view,Webbport,Hawaii,Mali
214,Brown Avenue,449,mouth,Lake Katie,Iowa,Guam
215,Brett Villages,598,mouth,Mullinsmouth,South Carolina,Ecuador
216,Christensen Mountains,941,view,Port Whitneyside,Illinois,Timor-Leste
217,Abbott Mews,988,town,Lake Kimberlyville,North Carolina,San Marino
218,Christine Plain,34,side,Lake Jamesshire,Kentucky,Morocco
219,Brown Loop,487,shire,North Lancetown,West Virginia,Uzbekistan
220,Ellis Overpass,669,side,Gainestown,North Carolina,Eritrea
221,Underwood Terrace,999,fort,Joyport,Florida,Rwanda
222,Chad Views,742,town,Gordonside,Missouri,Botswana
223,Jennifer River,618,chester,Robertburgh,Minnesota,Cambodia
224,Chapman Ports,724,furt,Michaelport,Hawaii,Jersey
225,Michael Turnpike,610,land,Josephland,South Carolina,Falkland Islands (Malvinas)
226,Turner Parkways,156,side,Kruegerberg,Connecticut,Venezuela
227,Lauren Ville,95,borough,Parksland,Georgia,Turkmenistan
228,Cody Ports,702,borough,Lake Christineburgh,Vermont,Togo
229,Anita Manors,205,land,Brownport,Iowa,Cote d'Ivoire
230,Shawn Island,11,fort,Thompsonmouth,Kansas,Guinea-Bissau
231,Katrina Trace,376,town,South Michaelville,Hawaii,Malta
232,Mary Fields,166,ton,Port Brentfort,Vermont,Serbia
233,Ryan Via,171,fort,Brandtton,New Mexico,Slovakia (Slovak Republic)
234,Williams Village,226,haven,South Brandon,California,Macao
235,Long Village,630,borough,South Larryshire,Tennessee,China
236,Glover Ports,936,ville,West Lance,Kansas,Saint Kitts and Nevis
237,Neal Islands,152,mouth,Douglashaven,Louisiana,Kiribati
238,Henderson Radial,961,chester,Lake Ryan,Mississippi,Burkina Faso
239,Peterson Dale,965,borough,Alyssaton,Colorado,Faroe Islands
240,Hill Corner,322,mouth,Port Michaelton,Tennessee,Estonia
241,Kevin Crescent,524,chester,Weeksfort,Nebraska,Lithuania
242,Harris Forges,449,borough,Murrayhaven,Missouri,Heard Island and McDonald Islands
243,Jennifer Squares,205,town,South Robertmouth,Illinois,Croatia
244,Alexandria Loaf,170,town,Port Melissa,Alaska,Qatar
245,Sandy Rue,496,mouth,North Jasmine,South Carolina,Israel
246,Strickland Trail,167,view,Nunezbury,Oregon,Moldova
247,Rosales Haven,583,port,Floydchester,North Carolina,Niue
248,Pena Route,79,shire,Butlerhaven,Idaho,Benin
249,Booker Path,746,berg,South Denise,Nebraska,Spain
250,Tapia Corners,93,shire,Kaylamouth,Connecticut,Slovenia
251,Anna Street,553,fort,Port Lauraborough,Oregon,Sri Lanka
252,James Points,636,mouth,Courtneyfort,Maryland,Puerto Rico
253,Julie Road,866,chester,North Lisa,New Jersey,Monaco
254,Jones Field,614,view,Johnsonberg,New Jersey,Russian Federation
255,Hopkins Garden,443,chester,Crystalhaven,Pennsylvania,Kazakhstan
256,Watkins Centers,353,burgh,Edwardsfurt,Utah,Myanmar
257,Lynn Court,265,fort,Port Amy,Florida,Latvia
258,Roberts Keys,572,shire,Brianmouth,Kansas,Nauru
259,David Walk,814,chester,Gomezbury,Virginia,Saint Kitts and Nevis
260,Marshall Valley,46,ville,Allentown,Nebraska,Nicaragua
261,Hobbs Ranch,417,furt,West Matthewchester,Mississippi,Netherlands Antilles
262,Stanley Rapids,504,land,Samanthamouth,Indiana,Central African Republic
263,Katherine Unions,854,mouth,New Derrickfort,Louisiana,Nepal
264,Dustin Drive,268,port,Travismouth,New Mexico,Sweden
265,Michael Squares,512,port,Ramireztown,Illinois,Papua New Guinea
266,Carpenter Run,209,fort,West Maria,Tennessee,Comoros
267,Mark Glen,543,view,Derekland,Maryland,Tanzania
268,Rebecca Route,763,land,Lake Brittneyshire,Texas,Sri Lanka
269,Mark Forge,826,shire,Bestside,Utah,Poland
270,Gillespie Centers,500,port,Whitefurt,Illinois,United Arab Emirates
271,Peter Mill,967,furt,North Cassandra,Pennsylvania,Guam
272,Colon Fields,54,land,Marcusshire,Oregon,Tajikistan
273,Andrew Square,511,borough,Lindsayport,Washington,Netherlands Antilles
274,Elizabeth Dam,183,burgh,Port Robert,Pennsylvania,Bulgaria
275,Mckenzie View,274,land,Port Daniel,Arkansas,Burkina Faso
276,Garcia Plain,36,shire,East George,Florida,Sierra Leone
277,Green Isle,742,fort,East Stevenburgh,Nevada,Guinea-Bissau
278,Valerie Bridge,350,fort,North Roberta,Illinois,Finland
279,Jonathan Common,633,ville,South Jenniferside,New Jersey,Canada
280,Anthony Corner,581,bury,East William,Nevada,Guam
281,Joseph Orchard,493,land,North Erik,Kansas,Denmark
282,Cline Ridges,586,view,Danielleburgh,Minnesota,Benin
283,Rose Plain,244,borough,West Stacy,Kansas,Australia
284,Oscar Light,571,land,South Karen,Arizona,France
285,Torres Gardens,822,fort,West Sara,Missouri,Falkland Islands (Malvinas)
286,Alvarado Walks,877,land,Dennischester,Maryland,Antigua and Barbuda
287,Sarah Knolls,949,fort,East Mariahfort,Oklahoma,Micronesia
288,Andrew Squares,941,borough,Port Robertville,South Carolina,Guernsey
289,Daniel Oval,274,fort,Port Heidi,Ohio,Western Sahara
290,Howe Circle,239,mouth,Philiptown,Hawaii,Wallis and Futuna
291,Moreno Parkway,856,stad,New Michael,Louisiana,Oman
292,Davies Stravenue,127,ton,Danielleton,Connecticut,Iceland
293,Brenda Forge,987,view,East Brittany,New Jersey,Philippines
294,Veronica Knolls,753,burgh,New Marcusshire,New Mexico,United States Minor Outlying Islands
295,Bautista River,131,haven,East Angelaberg,Vermont,Oman
296,Tony Forge,295,mouth,Lake Nicoleville,New Hampshire,Vietnam
297,Patterson Keys,279,bury,Shaneborough,North Dakota,Cameroon
298,Connor Forge,893,bury,West Amy,Florida,Australia
299,Dixon Springs,830,ton,East Donald,New Mexico,Solomon Islands
300,Roberts Shoals,431,borough,Lake Williamstad,New Jersey,Nicaragua
301,Wolf Terrace,46,view,Porterbury,Nevada,Zimbabwe
302,Fisher Squares,870,shire,New Michael,Maine,Montserrat
303,Molina Prairie,927,fort,Katieville,California,Eritrea
304,Alexander Camp,837,bury,Carpentershire,Mississippi,Bahamas
305,Amy Garden,958,side,Gregorychester,Pennsylvania,Cyprus
306,Scott Estate,824,borough,South Julia,Wisconsin,Finland
307,Hess Green,281,shire,Blackfort,Indiana,Albania
308,Cook Landing,496,mouth,Port Nicole,Virginia,Uruguay
309,James Shore,318,land,Rachaelhaven,Oregon,Botswana
310,Chris Lake,298,bury,South Daniel,South Dakota,Seychelles
311,Anne Underpass,28,borough,New Dorothy,Illinois,Jordan
312,Eric Lane,727,berg,Lake Steveview,Massachusetts,Jersey
313,Wolfe Fort,465,burgh,Nolanburgh,Washington,Serbia
314,Johnson Ridges,212,bury,East Caseyton,Utah,Pakistan
315,Jamie Parkways,401,view,Beckerborough,Pennsylvania,Dominican Republic
316,Sandy Park,750,mouth,Lake Tonya,Washington,Aruba
317,Erin Pines,567,furt,Jamesstad,Arizona,Colombia
318,Kimberly Ports,311,view,Greenfort,Ohio,Cocos (Keeling) Islands
319,Nguyen Key,27,bury,Lake Lisaside,New Jersey,Mexico
320,Garcia Ports,542,bury,New Suzannehaven,Massachusetts,Korea
321,Knight Brooks,350,mouth,North Darrellton,Arizona,Cuba
322,Angela Via,52,ville,South Alexis,Colorado,American Samoa
323,Atkins Well,126,mouth,South Mikaylabury,New Hampshire,Venezuela
324,Sherri Crescent,596,town,New Travis,New Mexico,Armenia
325,Jenkins Fields,255,ville,Lake Krista,Michigan,Saint Kitts and Nevis
326,Odom Fork,980,stad,Albertshire,Wisconsin,Moldova
327,West Extensions,573,port,Port Walterburgh,Kentucky,Poland
328,Hernandez Villages,159,town,Wilsonchester,Arkansas,Barbados
329,Terri Brook,226,berg,Lake Sheila,Colorado,Guinea
330,Dorothy Mount,462,ville,Caitlinbury,Minnesota,Bahrain
331,Cindy Knolls,276,port,West Michaelbury,Wisconsin,Finland
332,Debra Ramp,903,view,Robertton,Nevada,Ghana
333,Nicole Alley,405,mouth,Lake Chelsea,Florida,Cyprus
334,Kimberly Mountains,245,ton,Lemouth,Maine,Norfolk Island
335,Sylvia Roads,824,mouth,Wilsonborough,Virginia,Madagascar
336,Autumn Station,847,borough,New Adriantown,Illinois,Algeria
337,Brown Crescent,981,land,Masonport,North Carolina,Azerbaijan
338,Brian Ferry,23,land,Jasminehaven,Missouri,Togo
339,Durham Brook,228,chester,North Mariaborough,South Carolina,Dominican Republic
340,Reynolds Stream,302,ville,Mitchellmouth,Maine,Macao
341,Shane Corners,592,berg,Lake Rachel,Florida,Slovenia
342,Anthony Camp,926,burgh,Lake Robertshire,Illinois,Bulgaria
343,Mata Hollow,884,mouth,Port Suzanne,Alaska,Cameroon
344,Patterson Islands,755,fort,Port Brenda,Indiana,Slovenia
345,Bryan Prairie,230,stad,West Angela,Montana,Papua New Guinea
346,Butler Branch,710,ton,Millerfurt,Hawaii,United Arab Emirates
347,Jeffery Station,776,furt,Laurabury,California,Colombia
348,Parks Crossroad,854,side,Mariahaven,Ohio,Saint Pierre and Miquelon
349,Matthew Course,308,bury,Smithport,California,Lebanon
350,Elliott Squares,884,furt,Amyview,North Dakota,Bahamas
351,Dale Summit,621,furt,Alexanderport,Pennsylvania,Myanmar
352,Thomas Brooks,87,ton,Patrickbury,Indiana,Zimbabwe
353,Alicia Neck,323,furt,North Douglasfurt,Missouri,Belarus
354,Jordan Plain,656,burgh,Lake Kristi,Utah,Cape Verde
355,Benjamin Stream,120,town,North Karl,Florida,Malawi
356,Nancy Heights,628,berg,New Mark,Oregon,Algeria
357,Murphy Forges,121,haven,South Michelle,Maryland,Thailand
358,Cox Trace,439,chester,Smithmouth,West Virginia,Swaziland
359,Smith Haven,76,port,Port Meganborough,Oregon,Kuwait
360,Ayala Inlet,238,side,Brianborough,Iowa,Guyana
361,Caroline Island,455,town,Rodriguezbury,Washington,Japan
362,April Vista,393,burgh,East Joseph,Nevada,Turks and Caicos Islands
363,Henson Meadow,363,borough,Richardsborough,Wisconsin,Guam
364,Stacy Fords,201,bury,Markland,Wyoming,Belarus
365,Jeffrey Lakes,34,furt,North Matthew,Michigan,Palestinian Territory
366,Logan Harbors,1,town,Aaronmouth,Arkansas,Jersey
367,Stuart Mountain,129,mouth,West Thomasbury,New Mexico,Sri Lanka
368,Williams Parkway,777,land,East Leahfurt,Kansas,Egypt
369,Timothy Way,403,borough,Oconnorstad,New Jersey,Paraguay
370,Bean Mountains,372,stad,Nelsonborough,North Carolina,Antarctica (the territory South of 60 deg S)
371,Daniels Locks,490,port,Lake Brian,Montana,Sierra Leone
372,Davidson Cliff,831,chester,New Benjamin,Nevada,Saint Helena
373,Bailey Mews,66,bury,South Douglas,Mississippi,Armenia
374,Dawson Meadows,383,mouth,Jacobfort,Florida,Rwanda
375,Christopher Loop,720,town,Port Gregoryport,Iowa,Monaco
376,Everett Fields,159,stad,Michelletown,Kansas,Brazil
377,Morris Lights,292,mouth,Mercermouth,New Mexico,Antarctica (the territory South of 60 deg S)
378,Amy Spring,977,town,New John,Maine,Algeria
379,Casey Harbor,219,stad,South Kimberly,Mississippi,Uganda
380,Murray Mission,356,stad,New Raymondstad,Rhode Island,Cuba
381,Elizabeth Plaza,860,side,Stevensburgh,Connecticut,Anguilla
382,Lawrence Green,733,haven,Pearsontown,Wisconsin,Lithuania
383,Tran Key,699,shire,Kennethhaven,South Dakota,El Salvador
384,Wesley Ramp,750,ton,Port Teresafort,Rhode Island,Tanzania
385,Perez Extensions,376,shire,East Jacobchester,California,Mali
386,Katherine Drive,194,port,Hawkinsmouth,Kentucky,Qatar
387,Michelle Parkways,485,mouth,North James,Ohio,Andorra
388,Charles Keys,652,port,West Kimberlyview,Rhode Island,Lithuania
389,Christopher Crossing,813,view,South Raymondtown,Virginia,Serbia
390,Desiree Landing,501,view,Lake Dustin,Kansas,Montenegro
391,Wright Lights,558,haven,Johntown,North Dakota,Jersey
392,Barnes Neck,409,mouth,North Davidborough,Alabama,Mali
393,Smith Flats,383,berg,Tannerview,South Carolina,Spain
394,Kim Dale,87,chester,North Darren,Mississippi,Colombia
395,Ashley Isle,989,ville,Davidhaven,Louisiana,Jordan
396,Good Loop,952,ton,South Stephen,Arkansas,Turkey
397,Nelson River,261,view,New Benjamin,Ohio,Mexico
398,Palmer Haven,165,side,Linport,Washington,Indonesia
399,Moody View,729,berg,Robertmouth,Vermont,Dominica
400,Kelly Branch,927,port,Daltonmouth,Indiana,Latvia
401,Janet Inlet,947,side,South Jorge,Tennessee,Saint Martin
402,Green Drive,297,berg,East Mary,West Virginia,United Arab Emirates
403,Rice Glen,371,mouth,New Michael,Vermont,Tokelau
404,Charles Branch,308,borough,New Nicholas,Montana,Nicaragua
405,Reed Grove,95,fort,Lake Gary,Louisiana,Svalbard & Jan Mayen Islands
406,Aaron Mountains,824,borough,Jenniferland,Maryland,Brazil
407,Harrison Divide,817,ton,Gomezstad,Arizona,Comoros
408,Stafford Mews,463,fort,Santosfort,Arkansas,Svalbard & Jan Mayen Islands
409,Larry Trail,505,shire,Lake Benjamin,North Carolina,Sao Tome and Principe
410,Jones Ford,714,furt,South Collinland,Connecticut,Macao
411,Martin Mountains,937,port,Port Kimberly,Massachusetts,Andorra
412,Diana Stravenue,676,side,West Victorbury,Delaware,Ukraine
413,Christopher Village,726,shire,West Randy,Arizona,Bhutan
414,Solomon Mount,171,land,Millerchester,Oklahoma,Turkey
415,Tracey Mountains,121,view,South Jenniferside,West Virginia,Netherlands
416,David Plain,921,haven,Herreraview,New Hampshire,Norfolk Island
417,Jill Locks,333,side,Johnsonland,North Carolina,Lesotho
418,Phillips Circles,77,mouth,Port Danieltown,Massachusetts,Palestinian Territory
419,Kimberly Land,591,town,West Mariamouth,New York,Jamaica
420,Chelsea Ridges,441,borough,Port Tammychester,North Dakota,Dominica
421,Tapia View,845,shire,Tinaville,Idaho,Iceland
422,Sexton Heights,556,ville,New Jessica,New Mexico,Cook Islands
423,Bradley Trail,443,furt,East Benjamin,Nebraska,Sierra Leone
424,Turner Mission,686,shire,South Taylorside,North Carolina,Western Sahara
425,Decker Tunnel,16,fort,Tuckerbury,Utah,Togo
426,Andrews Turnpike,716,chester,Lake Lynnberg,Oklahoma,Cape Verde
427,Christina Branch,84,side,South Melodyside,Missouri,Brunei Darussalam
428,Thomas Landing,581,view,Bentleyfurt,Tennessee,Guyana
429,Anderson Stream,284,bury,Harrisborough,Texas,India
430,Riley Ville,486,burgh,North Sheila,Virginia,Turks and Caicos Islands
431,Rodriguez Garden,706,furt,Port Charles,Maine,Haiti
432,White Extensions,529,berg,South Douglasside,Alabama,Haiti
433,Banks Estates,328,chester,Markville,South Carolina,Azerbaijan
434,Kari Roads,79,side,New Erica,Colorado,Brazil
435,Nancy Ranch,747,chester,Thomasview,Massachusetts,Haiti
436,Baker Gateway,590,berg,Fowlermouth,Colorado,Svalbard & Jan Mayen Islands
437,Sharp Square,678,haven,West Michele,Maine,Thailand
438,Felicia Stravenue,111,town,New Kimberlyberg,Minnesota,Monaco
439,Kaitlyn Spurs,528,mouth,West Mary,Alaska,Mauritius
440,Jennifer Hollow,854,shire,East Paul,Kentucky,Italy
441,Smith Canyon,9,mouth,Christopherstad,Nevada,Bahrain
442,Logan Greens,929,side,Alyssaburgh,Wyoming,Djibouti
443,Katrina Row,957,shire,South Jeffreyside,Iowa,Mozambique
444,Conrad Park,335,town,North James,Illinois,Comoros
445,Briggs Tunnel,958,town,Bradfordborough,Illinois,Pakistan
446,Kramer Manors,340,side,Davismouth,Maryland,Uruguay
447,Joseph Rapids,117,bury,West Benjamin,Oregon,Latvia
448,Wilson Court,925,burgh,Jasmineberg,Delaware,Nauru
449,Fuller Spur,435,berg,Valdezhaven,West Virginia,Sri Lanka
450,Melissa Road,351,bury,Port Amyview,Nevada,Turkey
451,Hart Points,513,side,North Anthonyside,Nebraska,Bangladesh
452,Hall Trail,973,shire,Amyborough,Alabama,Saint Pierre and Miquelon
453,Carson Underpass,5,haven,North Nicolemouth,Wyoming,Belize
454,Lauren Expressway,240,borough,South John,Oregon,Thailand
455,Burke Forks,201,land,Carsonview,Kentucky,Tonga
456,Gomez View,969,stad,Wardtown,Alaska,Angola
457,Kirby Trail,856,stad,North Nicole,Oregon,Canada
458,Briggs Mount,917,port,Lake Mercedes,New Jersey,Italy
459,Ochoa Throughway,216,port,East Matthewfurt,Maine,Somalia
460,Santos Summit,278,town,North Kaylamouth,Georgia,Philippines
461,Hansen Knolls,172,mouth,Andreaton,Delaware,Bulgaria
462,Laura Fork,687,mouth,New Kathleenchester,Virginia,Uganda
463,James Harbors,60,ton,Schaefertown,South Dakota,Liechtenstein
464,Hamilton Pines,593,mouth,East Zachary,Mississippi,Chile
465,Martinez Island,710,bury,West Abigailborough,Kansas,Isle of Man
466,Phillips Islands,277,stad,Mccoyport,Arkansas,Mali
467,Zachary Spur,665,port,Alishabury,North Dakota,Japan
468,Moody Squares,635,furt,East Renee,Connecticut,Wallis and Futuna
469,Anne Stravenue,93,mouth,Villanuevaland,Colorado,Romania
470,Spencer Ranch,998,haven,Vanessahaven,Wisconsin,India
471,Denise Tunnel,682,mouth,North Feliciafort,Texas,Equatorial Guinea
472,Hampton Isle,614,land,Millerland,Delaware,British Virgin Islands
473,Campbell Rapid,402,land,Joshuastad,Pennsylvania,United States Virgin Islands
474,Corey Alley,232,view,Stephaniebury,Washington,Albania
475,Summers Extensions,373,stad,North Lisaburgh,Michigan,Slovenia
476,Hannah Gateway,903,bury,Oconnorland,Illinois,Antigua and Barbuda
477,Dean Village,61,town,Stuartbury,Vermont,Chad
478,Alvarez Flats,796,haven,West Anthonyberg,Oregon,British Virgin Islands
479,Brooks Isle,870,ville,South Kristiside,New Hampshire,Denmark
480,Vega Mountains,438,ton,Ronaldport,New Mexico,Austria
481,Laura Falls,658,bury,West Timothybury,Kentucky,Armenia
482,Kyle Circles,33,ville,Lake Amy,Alabama,Slovenia
483,Cox Passage,204,mouth,South Aprilstad,Pennsylvania,Ethiopia
484,Clifford Rue,11,shire,West Sandrashire,Georgia,Solomon Islands
485,Ortiz Crescent,265,mouth,North David,Vermont,Ghana
486,Salazar Lodge,757,furt,New Janice,Ohio,Bahrain
487,Clay Crest,368,fort,Lake Dianashire,Iowa,Vietnam
488,Andrews Ports,290,burgh,North Michelle,Indiana,Swaziland
489,Gabriel Circles,276,mouth,West Rachel,Rhode Island,Bouvet Island (Bouvetoya)
490,Michael Summit,26,town,East Thomas,Alabama,Moldova
491,Noah Stream,595,burgh,Suarezfurt,Rhode Island,Kazakhstan
492,Marie Courts,889,ville,East Scottbury,Mississippi,Saint Kitts and Nevis
493,Torres Points,964,mouth,Brendabury,Arkansas,Brazil
494,Jordan Fields,347,borough,East Mauricechester,South Carolina,Saint Martin
495,Bryce Vista,878,stad,Danielshire,Maine,United Arab Emirates
496,Desiree Harbor,212,ton,Crystalhaven,Oregon,Argentina
497,Briggs Springs,415,town,Mitchellborough,Missouri,Tuvalu
498,Campbell Views,168,bury,South Anthonychester,South Dakota,Micronesia
499,Richard Meadows,43,view,Lake Jessica,New York,Iceland
500,Jackson Harbor,254,burgh,Lake Donna,Tennessee,Israel
501,Davis Run,847,shire,Lake Crystalbury,Washington,Andorra
502,Campos Brook,754,stad,West Jasonshire,Indiana,Saudi Arabia
503,Connie Circles,399,berg,Stewartborough,Wyoming,Netherlands
504,Garcia Meadows,173,bury,Anneville,Pennsylvania,Samoa
505,Decker Lock,535,ville,Frankmouth,Florida,Lithuania
506,James Fords,224,ton,Kaitlinton,Maryland,Indonesia
507,Parrish Stravenue,889,bury,Taylorfort,Oregon,Venezuela
508,Lynch Land,904,town,South Michelle,Kansas,Zambia
509,Richard Path,914,fort,Davidchester,Missouri,Congo
510,Wagner Springs,551,town,North Tiffany,New Hampshire,Poland
511,Smith Field,821,town,East Jasminhaven,Louisiana,Burkina Faso
512,Kelly Field,138,town,Kennethfort,Texas,Djibouti
513,John Crossing,695,ton,Gwendolynburgh,Louisiana,Namibia
514,William Circles,98,burgh,East Codyfurt,Florida,Singapore
515,Hogan Hills,247,burgh,Parsonsport,Montana,Afghanistan
516,Duran Ridges,100,ton,Lake Kristinhaven,Alabama,Andorra
517,Sampson Wells,834,fort,Lukemouth,West Virginia,Croatia
518,Cook Skyway,705,shire,New Meghan,Oregon,Sierra Leone
519,Allen Grove,662,ton,Kellychester,Maryland,Mauritius
520,Stewart Fords,913,mouth,Gomezville,Texas,Spain
521,Holmes Turnpike,487,side,Danielburgh,South Dakota,Thailand
522,Harris Mission,400,burgh,Mooreborough,North Dakota,Papua New Guinea
523,Burgess Summit,322,chester,Lake Albertville,South Carolina,Latvia
524,Roberta Creek,730,burgh,Skinnermouth,Colorado,Jersey
525,Soto Lock,609,mouth,North Melissafort,New Mexico,Ethiopia
526,Williams Harbors,149,land,Nicoleview,Minnesota,Turkey
527,Alison Radial,224,stad,Spenceton,California,Oman
528,Sandra Vista,513,mouth,Newmanfort,Idaho,Libyan Arab Jamahiriya
529,Rice Lock,453,mouth,East Stephen,Montana,Guernsey
530,Nicholas Spur,597,view,Knappfurt,New Jersey,Saint Kitts and Nevis
531,Chavez Extensions,354,view,West Adamhaven,Missouri,Bolivia
532,Stephanie Fields,320,furt,Munozmouth,Mississippi,Algeria
533,Hernandez Harbor,52,ville,West Markfurt,Utah,Tuvalu
534,Davis Street,173,fort,Lake Markstad,Ohio,Oman
535,Hartman Street,169,side,Petersport,Rhode Island,Bolivia
536,Cameron Meadow,794,berg,Mollyport,Rhode Island,Qatar
537,Swanson Parks,88,ton,West Dennis,New York,Myanmar
538,Crystal Island,672,berg,Port Joseberg,Iowa,Saint Helena
539,Hale Village,636,haven,Wrightton,Colorado,San Marino
540,Jennifer Mission,75,chester,South Maurice,Wisconsin,Macedonia
541,Joe Flats,40,furt,West Brett,Mississippi,Cape Verde
542,Williams Falls,3,bury,South Andrewfort,North Dakota,Uganda
543,Nelson Mission,171,mouth,West Rhondaton,Texas,Tanzania
544,Sims Village,21,land,East Daniel,Utah,Mayotte
545,Christopher Loaf,508,fort,Lake Stephanie,Hawaii,Uruguay
546,Ross Springs,628,port,Johnnybury,Hawaii,South Georgia and the South Sandwich Islands
547,Weber Villages,148,burgh,West John,Washington,Namibia
548,Pierce Mall,573,stad,Lake Paul,Alaska,Lao People's Democratic Republic
549,Scott Gardens,992,port,Lake Garyport,Arkansas,Saudi Arabia
550,Jerry Island,248,fort,West Jacob,Delaware,Saudi Arabia
551,George Village,860,burgh,Lake Lydia,New Mexico,Belarus
552,Anthony Land,787,mouth,New Melissa,Kentucky,Russian Federation
553,Kathleen Unions,388,mouth,South Lee,Arizona,Somalia
554,Brooke Lodge,798,ton,South Emily,Oregon,Montenegro
555,Jeremy Orchard,605,berg,Shannonborough,Vermont,Niger
556,Cherry Drive,205,land,Lake Tina,Ohio,Tokelau
557,Peter Cliff,924,shire,Denniston,Oklahoma,Zambia
558,Washington Street,216,fort,Lindsayfurt,Vermont,Guernsey
559,Melissa Loop,362,chester,Shawnland,Connecticut,Gibraltar
560,Tara Estate,513,berg,Douglasberg,Oklahoma,Tajikistan
561,Heather Stravenue,37,ville,Lake Derekshire,Illinois,Liberia
562,Darlene Lodge,716,mouth,Port Lisaport,Washington,Paraguay
563,Mckee Crest,270,borough,Josephside,California,Kiribati
564,Cervantes Harbor,263,side,South Antonio,Oklahoma,Costa Rica
565,Wanda Drive,73,stad,South Adamfurt,Rhode Island,Guatemala
566,Turner Shores,170,fort,Port Stephanie,Maryland,Denmark
567,Moss Place,449,chester,Thompsonstad,South Dakota,Chile
568,Melinda Glen,961,burgh,Amandastad,Alaska,Falkland Islands (Malvinas)
569,Rivera Locks,961,shire,Lake Christopherport,Oklahoma,Jordan
570,Darlene Summit,586,view,Robertfurt,Wisconsin,Uzbekistan
571,Andrea Shores,611,fort,North Waynefort,Maine,Ghana
572,Forbes Overpass,353,mouth,South Brittany,North Carolina,Chile
573,Tara Lodge,925,ville,Lewishaven,Connecticut,Dominica
574,Mary Forge,740,side,Griffinview,Nevada,Lebanon
575,Payne Coves,195,stad,Port Dennis,Minnesota,Saint Pierre and Miquelon
576,Smith Skyway,441,mouth,New Aaron,Alabama,Saint Lucia
577,Brittney Plaza,865,burgh,Lake Bailey,North Dakota,Croatia
578,Clinton Ridges,326,port,North Paige,Arkansas,Poland
579,Terrell Cliff,719,berg,Anthonystad,Nebraska,Eritrea
580,Daniel Burgs,630,port,Eatonberg,Washington,Lao People's Democratic Republic
581,Douglas Lake,746,town,East Austinshire,Wisconsin,Romania
582,Stephenson Mews,722,mouth,Cameronton,Wisconsin,Fiji
583,Bowen Alley,227,land,Port Michaelport,Hawaii,Congo
584,Cunningham Lane,762,fort,Lake Christinaland,Florida,Romania
585,Soto Island,943,furt,West Robert,Texas,American Samoa
586,Lawrence Square,730,side,New Pamport,Oregon,Saudi Arabia
587,Beth Corner,819,chester,West Laurenmouth,California,Nepal
588,Benjamin Springs,534,stad,Rodriguezville,North Dakota,Morocco
589,Jamie Stream,105,mouth,North Matthew,Ohio,San Marino
590,Richard Alley,127,view,Sarahshire,Michigan,Haiti
591,Emily Club,37,side,Davisport,New Jersey,Hong Kong
592,Robinson Highway,980,stad,Howardmouth,Pennsylvania,Ghana
593,Lane Roads,673,town,Hernandezbury,Maine,Slovenia
594,Christopher Islands,330,town,Dunnland,Michigan,Cook Islands
595,Martin Union,224,view,Kimberlyfurt,West Virginia,Liberia
596,Kim Lodge,936,mouth,South Gregory,Utah,British Virgin Islands
597,Daniel Springs,288,ville,North Zacharymouth,Kansas,Haiti
598,Ortiz Heights,71,bury,Rojasfurt,Louisiana,Latvia
599,Becker Mall,778,bury,North Scotttown,North Dakota,Papua New Guinea
600,Hawkins Spurs,754,borough,East Daisyton,Washington,Sierra Leone
601,Craig Drive,59,haven,Susanfurt,Oklahoma,Andorra
602,Clay Loaf,858,side,Williamsberg,New York,Netherlands
603,Ross Isle,957,furt,Steventown,Wisconsin,Samoa
604,Anthony Inlet,268,view,South Sarahport,Wisconsin,Kuwait
605,Jason Mountain,353,side,Cynthiaberg,Montana,Tunisia
606,Washington Field,620,side,Parkburgh,Wisconsin,Niger
607,Jesse Dam,861,land,West Matthew,New Hampshire,Timor-Leste
608,Moss Mount,671,stad,Dianaburgh,New Hampshire,Burundi
609,Rodriguez Corners,267,mouth,North Davidstad,Arkansas,Egypt
610,Julie Grove,985,view,Richardsview,Tennessee,Qatar
611,Keith Estate,417,town,Jameshaven,California,Andorra
612,Clark Roads,104,view,Robertburgh,Illinois,Philippines
613,Wilson Ways,459,shire,East Wendy,Nebraska,Czech Republic
614,Jessica Coves,992,burgh,Annaside,Florida,Cook Islands
615,Nelson Inlet,805,fort,Annborough,New Hampshire,Ecuador
616,Gonzalez Plains,301,ton,Clarkview,Washington,South Africa
617,Joseph Neck,192,burgh,Lake Jacobhaven,Texas,Nicaragua
618,Stanley Dale,839,side,Port Claudia,Michigan,Singapore
619,Johnson Harbor,562,bury,Marcborough,North Dakota,Cook Islands
620,Connie Pike,379,view,Lake Craigmouth,Connecticut,Sri Lanka
621,Dawn Center,283,view,Port Rhondahaven,Hawaii,Western Sahara
622,Pollard Dale,537,fort,Lake Davidville,Wyoming,Malaysia
623,Kimberly Loop,157,burgh,West Gracebury,Maine,Andorra
624,Knight Land,356,chester,Lake Robert,Illinois,Sierra Leone
625,Jonathan Spur,32,berg,New Stevenport,Mississippi,Korea
626,Lopez Union,385,ton,South Jasonshire,Kansas,Ecuador
627,Martin Glens,803,stad,Lake Gregory,Oregon,Croatia
628,Brown Manor,868,chester,Wilsonhaven,Utah,China
629,John Mountain,129,stad,Meadowsberg,Louisiana,Poland
630,Frazier Field,590,town,Lake Joseph,North Carolina,Norway
631,Ramirez Hills,782,view,Kimberlyborough,Pennsylvania,Gibraltar
632,Edwards Ports,937,mouth,Reynoldstown,Louisiana,Paraguay
633,Henderson Courts,845,ville,New Brandon,Indiana,Lebanon
634,Brent Village,87,furt,South Nancyport,Illinois,Sri Lanka
635,Green Walk,734,furt,Powersborough,Oklahoma,Saint Barthelemy
636,Jim Crossroad,346,port,Longville,Minnesota,Cape Verde
637,Anthony Station,159,stad,East James,Idaho,China
638,Boyd Trail,402,view,East Christopher,Missouri,Netherlands Antilles
639,Scott Hollow,88,mouth,Jacobberg,New Mexico,Hong Kong
640,Forbes Camp,972,mouth,Toddchester,Mississippi,Iraq
641,Moody Squares,775,view,Joshuaville,Indiana,Svalbard & Jan Mayen Islands
642,Nicole Vista,710,borough,East Jessica,Washington,Ecuador
643,Caitlin Glen,701,town,Port Chadton,Alaska,El Salvador
644,John Falls,954,port,Simonburgh,Arkansas,Costa Rica
645,Jacobs Lodge,70,mouth,Jamesborough,Hawaii,Bahrain
646,Elizabeth Parkway,730,haven,New Paulshire,Delaware,Morocco
647,Andrew Inlet,702,berg,New Tracey,Colorado,Niue
648,Cathy Dale,612,chester,South Hannahburgh,Wyoming,Estonia
649,Sherman Mountain,109,town,Tamarashire,Louisiana,Anguilla
650,Stein Junctions,985,borough,Cassandrafurt,Illinois,Venezuela
651,Angela Valley,332,mouth,Santosfort,Oregon,Qatar
652,Richard Mill,1000,ton,East Colin,South Dakota,Bouvet Island (Bouvetoya)
653,Christina Skyway,598,town,Turnerton,Louisiana,Falkland Islands (Malvinas)
654,Stanley Green,896,view,Lake Jonathan,Texas,French Southern Territories
655,Crystal Mountains,19,land,South Whitney,New Hampshire,Benin
656,Perez Keys,523,bury,Cynthiaville,South Carolina,Haiti
657,Peter Plaza,212,land,Kingbury,Alaska,Tanzania
658,Sanders Flats,245,burgh,South Sophiaview,Connecticut,China
659,Johnson Rapid,375,berg,Howefort,Nevada,Sudan
660,Michael Point,980,bury,Timothytown,Oregon,Iraq
661,Reed Cliff,890,chester,Cowanbury,Georgia,Isle of Man
662,Frank Mountain,116,town,Bernardland,Vermont,Taiwan
663,Johnson Alley,382,berg,Port Brett,Rhode Island,Solomon Islands
664,Ruben Viaduct,890,view,Brittanyport,Montana,Cook Islands
665,Sarah Cliffs,208,shire,Tanyaborough,Rhode Island,Brazil
666,Caleb Tunnel,392,town,Heathmouth,Maine,Netherlands
667,Gail Gateway,834,ville,Murphyborough,Oklahoma,United States of America
668,Charles Point,927,side,Emilyfort,Rhode Island,Heard Island and McDonald Islands
669,Nicole Cove,188,fort,Leestad,Wyoming,Luxembourg
670,Nicole Plains,529,mouth,Woodstad,South Carolina,Bangladesh
671,Luna Mountain,847,bury,Lake Hannah,Missouri,Guadeloupe
672,David Loop,507,town,East Savannah,Vermont,Myanmar
673,Hutchinson Roads,174,burgh,Lake Whitney,Alaska,Timor-Leste
674,Thomas Place,720,view,Hallburgh,Idaho,Wallis and Futuna
675,Jodi Landing,786,mouth,Jessicaberg,Texas,Luxembourg
676,Boone Fall,418,berg,Terrellside,Hawaii,Russian Federation
677,Miller Crest,437,land,Hawkinstown,Louisiana,Puerto Rico
678,Brianna Curve,682,bury,Brendaton,Hawaii,Indonesia
679,Jennifer Flat,931,ton,Port Kaitlyn,Indiana,Taiwan
680,Brian Plains,671,bury,South Crystal,Iowa,Saint Lucia
681,Graham Walk,307,view,Donnamouth,South Dakota,British Virgin Islands
682,Norris Cliff,190,fort,Danielleside,Delaware,Vietnam
683,Lindsay Inlet,699,land,Frankberg,Utah,Indonesia
684,Scott Row,206,ville,Danielleberg,Kansas,Turkmenistan
685,Catherine Drives,409,fort,West Sarahtown,Illinois,Macedonia
686,Green Knolls,578,side,New Joshuafurt,Utah,Lebanon
687,Mejia Loop,648,bury,Gibsonbury,New York,Tanzania
688,Richard Brooks,529,town,Boydmouth,Rhode Island,Brazil
689,Kenneth Mews,755,furt,Jenniferfort,Michigan,Northern Mariana Islands
690,Walker Road,396,burgh,Villanuevafort,Oregon,Bouvet Island (Bouvetoya)
691,Travis Trace,305,borough,Sotoport,Pennsylvania,Palestinian Territory
692,Lopez Fall,815,land,Jonesstad,Tennessee,Bosnia and Herzegovina
693,Adams Prairie,659,furt,Sethbury,California,Cote d'Ivoire
694,Lewis Hollow,356,chester,Edwardsshire,Mississippi,Czech Republic
695,Bradley Curve,825,ton,New Christine,West Virginia,Congo
696,Kara Field,969,bury,Bergstad,Illinois,Malaysia
697,Manuel Rest,8,fort,Nicolechester,Maryland,Vietnam
698,Kimberly Circles,262,burgh,West Melinda,Wisconsin,Botswana
699,Matthew Harbor,788,bury,Kaylaview,Maine,Lao People's Democratic Republic
700,Sandra River,415,chester,Danielhaven,Idaho,British Indian Ocean Territory (Chagos Archipelago)
701,Jason Overpass,973,berg,Armstrongborough,Louisiana,Guatemala
702,Elizabeth Lake,770,town,Lake Rhonda,Kansas,Vietnam
703,Robert Station,990,shire,Victoriafort,Illinois,Gibraltar
704,James Streets,468,mouth,Lake Devinview,Massachusetts,Uganda
705,Wanda Gateway,117,side,Jeffreychester,Ohio,French Guiana
706,Hebert Key,23,borough,New Ashley,Nevada,Finland
707,Perkins Circle,342,furt,New Michelleborough,New Jersey,Netherlands
708,Jamie Overpass,950,haven,West Debra,Indiana,Guernsey
709,Gallegos Mission,540,shire,Thomasfurt,Alabama,Syrian Arab Republic
710,Evans Harbors,668,view,New Joshuashire,South Dakota,South Africa
711,Payne Crossing,527,chester,Fergusonville,Utah,Lesotho
712,Jennifer Divide,974,haven,Masonside,Maine,Wallis and Futuna
713,Leah Spring,675,mouth,Lynchview,Michigan,Marshall Islands
714,Wolf Extensions,467,fort,North Phyllis,Kansas,Pakistan
715,Victor Ferry,172,mouth,Lawsonbury,Michigan,Belarus
716,April Ridge,881,land,Hunterburgh,Louisiana,Tonga
717,Hunter Points,491,stad,Scottbury,Rhode Island,Cote d'Ivoire
718,Amanda Brook,969,mouth,Phelpsburgh,Indiana,Equatorial Guinea
719,Dakota Orchard,259,mouth,Port Melindaton,Pennsylvania,Mali
720,Spencer Fields,61,burgh,Victoriashire,Maryland,Burundi
721,Dunn Hollow,374,side,Burgessmouth,Florida,Guadeloupe
722,Hernandez Island,92,haven,Perezfort,Montana,Latvia
723,Lester Cliff,734,side,South Jennifer,Hawaii,Uzbekistan
724,Victor Squares,477,mouth,Walkerfurt,Minnesota,Benin
725,Olson View,473,borough,Glennfort,Indiana,Gabon
726,Ward Drive,922,land,South Veronicaborough,Minnesota,Trinidad and Tobago
727,David Ways,282,burgh,Deleonport,South Dakota,Philippines
728,Yvette Locks,232,mouth,Lake Harry,Connecticut,Paraguay
729,Harrell Dale,558,berg,West Joelchester,Nebraska,Japan
730,Cassandra Square,230,ton,Christianside,Illinois,Mayotte
731,Underwood Road,393,berg,Mitchellberg,North Dakota,Saint Pierre and Miquelon
732,Patrick Extension,605,berg,Carterfurt,Florida,Malta
733,Martinez Landing,409,land,North Nicholasshire,Minnesota,Zambia
734,Fields Garden,668,stad,West Rachelborough,Hawaii,Bosnia and Herzegovina
735,Margaret Spur,914,port,South Joy,Pennsylvania,Guernsey
736,Bentley Pine,67,stad,Riggsport,Missouri,Germany
737,Murray Canyon,667,berg,Jacksontown,New Hampshire,United States Virgin Islands
738,Ernest Circle,728,haven,West Sandra,Nevada,Puerto Rico
739,Sherry Burgs,520,land,North Matthewberg,Alabama,Grenada
740,Gina Point,297,berg,Collinston,Massachusetts,Korea
741,Jennifer Islands,303,mouth,Hannahhaven,Idaho,Sri Lanka
742,Holloway Track,304,shire,North Bradley,Connecticut,Hong Kong
743,Cordova Light,460,land,West Michael,Ohio,San Marino
744,Mills Landing,78,ville,Lake Andrewport,Texas,Singapore
745,Kimberly Keys,530,view,New Stevenside,Nebraska,Portugal
746,Sandra Loaf,499,ville,Pamelaview,Massachusetts,Hong Kong
747,Diaz Hills,756,chester,Lake Robert,North Carolina,Macedonia
748,Kristin Shoals,867,mouth,North Teresa,Nevada,Niue
749,Sherry Way,970,ton,Kristyburgh,New Hampshire,Western Sahara
750,Macias Harbor,974,bury,North Danielle,Kentucky,Cook Islands
751,Brooks Pine,691,borough,South Michaelside,Pennsylvania,Guadeloupe
752,Haley Cliff,48,view,Lake Diamondbury,New Mexico,Sri Lanka
753,Arthur Causeway,927,shire,Lake John,Louisiana,American Samoa
754,Hurst Ports,1,ville,Taylorport,Kentucky,Timor-Leste
755,Morgan Island,337,town,East Robert,Illinois,Norway
756,Jackson Ports,778,fort,Johnsonborough,Colorado,Finland
757,Cook Spurs,155,town,Tonyburgh,New York,Qatar
758,Hicks Freeway,474,burgh,Robertfurt,Idaho,Korea
759,Anna Lakes,474,port,Bradton,Virginia,Angola
760,Rhonda Bypass,279,haven,Simpsonport,Colorado,Poland
761,Martinez Shoals,12,haven,South Sandraview,Michigan,Korea
762,Megan Points,978,town,Joshuaborough,Florida,Costa Rica
763,Christian Stravenue,640,stad,Port Georgehaven,Oklahoma,Guam
764,Elizabeth Harbor,273,burgh,West Amandachester,New York,Mozambique
765,Clark Terrace,902,side,East Gregoryfurt,Nebraska,Finland
766,Laura Estate,146,side,New Bethanychester,Illinois,Mongolia
767,Pace Squares,889,ville,Spearsstad,Wisconsin,Cote d'Ivoire
768,Tanner Ranch,951,furt,East Michelle,Rhode Island,Netherlands Antilles
769,Malone Lake,806,ton,Lake James,Arizona,Norfolk Island
770,Anthony Points,757,stad,North Eric,Georgia,Netherlands
771,Derek Mission,746,land,West Joshuaborough,Alaska,Argentina
772,Lee Corner,72,land,Sherribury,Indiana,Saint Helena
773,Katelyn Locks,753,ville,Jasonville,New Hampshire,Gambia
774,Marsh Creek,872,berg,New Heather,Nevada,Morocco
775,Gabrielle Forge,674,ville,New Joseph,Michigan,Japan
776,Ruth Fall,919,ton,Samuelport,Georgia,Falkland Islands (Malvinas)
777,Collier Prairie,4,furt,Catherineburgh,Kansas,Jersey
778,Vargas Heights,986,port,Port Richardside,Ohio,El Salvador
779,Lacey Crest,797,fort,Bobbyhaven,Hawaii,Mexico
780,Everett Extension,377,furt,Lake Michael,Wisconsin,Syrian Arab Republic
781,Compton Drives,290,shire,New Ritaview,Delaware,Niue
782,Donald Lock,921,ville,East Tracy,California,Greece
783,Sarah Pass,968,bury,Mckayfort,Montana,Equatorial Guinea
784,Nathan Wells,93,chester,Deborahchester,Connecticut,Dominica
785,Kristen Port,22,fort,Derekside,Delaware,Nigeria
786,Stanton Brooks,961,town,Benjaminfurt,Florida,Swaziland
787,Kevin Rapid,988,port,West Sandraberg,Kentucky,French Polynesia
788,Shelly Brooks,461,town,Karashire,Missouri,Suriname
789,Watkins Light,676,town,West Williamchester,Kentucky,Korea
790,Walker Spring,692,mouth,West Blakemouth,Wyoming,Costa Rica
791,Chelsea Meadow,802,burgh,Evansberg,Georgia,Netherlands
792,Perry Knoll,250,land,Johnsonberg,Alabama,Niger
793,Robin Centers,966,ville,South Nataliefurt,South Dakota,Bahamas
794,Phillips Glen,952,berg,South Keith,Florida,Rwanda
795,Scott Points,208,town,New Jasonview,New Jersey,Paraguay
796,Brittney Locks,92,side,Port Thomasburgh,Washington,Solomon Islands
797,Levy Camp,887,haven,Donaldside,West Virginia,Central African Republic
798,Wang Gateway,884,bury,Lake Alexandraton,Nevada,Latvia
799,Mann Hills,11,stad,Josephhaven,Maryland,Lesotho
800,Nicholas Manors,218,ville,New Davidside,Missouri,Switzerland
801,Wendy Drive,572,ton,East Matthew,Indiana,Bulgaria
802,Stokes Summit,877,side,Port Joe,Mississippi,Malaysia
803,Garrison Courts,518,ville,East Jennifer,Georgia,Saint Kitts and Nevis
804,Fuller Neck,475,borough,Dorseyshire,California,Sudan
805,Christina Rest,503,side,Port Cindyport,Missouri,Namibia
806,Lin Plaza,695,mouth,Mitchellberg,Minnesota,Tuvalu
807,Hall Village,113,shire,Richardfort,Louisiana,Chile
808,Dawn Hollow,133,fort,West David,Alabama,Gambia
809,Lopez Pike,670,chester,Johnsonhaven,South Dakota,Pakistan
810,Richardson Loop,466,chester,Port Eddieport,Oklahoma,Peru
811,Karen Station,854,burgh,South Frank,Tennessee,Luxembourg
812,Stephanie Field,402,haven,Rodriguezmouth,Ohio,Ecuador
813,Obrien Union,378,land,West Rhondatown,Mississippi,Mozambique
814,William Parkway,27,ville,Briggsside,Missouri,Sierra Leone
815,Elizabeth Shoal,744,port,Saraside,West Virginia,Panama
816,Williams Loop,987,stad,North Valeriefort,Alabama,Nicaragua
817,Byrd Highway,777,mouth,Smithville,Nebraska,Myanmar
818,John Radial,621,town,New Brendaville,Oklahoma,Gibraltar
819,Bradley Locks,50,borough,Stephaniemouth,Colorado,Pakistan
820,Monica Pines,359,chester,North Sarah,Alaska,Korea
821,Stewart Pine,160,view,Aaronberg,Indiana,Honduras
822,Shannon Burgs,657,stad,Mooreside,Minnesota,Netherlands
823,Kelsey Lights,96,view,Wileymouth,Wisconsin,Mongolia
824,Perez Radial,589,shire,Brownshire,North Dakota,Poland
825,Robert Viaduct,336,berg,East Taylor,Arizona,Reunion
826,Sean Forest,98,shire,Jenniferport,Ohio,Burundi
827,William Bypass,866,furt,Williamfurt,Ohio,Gambia
828,Hamilton Port,653,stad,Youngmouth,Michigan,Haiti
829,Michelle Field,597,ton,South Nicholas,Vermont,Antarctica (the territory South of 60 deg S)
830,Rebecca Plaza,594,burgh,North Emilystad,Connecticut,Trinidad and Tobago
831,Ashley Place,410,bury,Briantown,Utah,El Salvador
832,Denise Square,450,land,North Christiestad,Pennsylvania,Zambia
833,Kelly Wall,784,bury,Burchbury,Texas,Saint Helena
834,Franklin Mission,313,haven,Madisonville,South Carolina,Nauru
835,Gross Bridge,125,town,Lake David,Oregon,Mongolia
836,Robert Village,371,ville,New Emilyberg,Missouri,Timor-Leste
837,Downs Union,606,stad,South Elizabethstad,Wisconsin,Sao Tome and Principe
838,Perkins Pine,231,land,Monicahaven,Wisconsin,Slovenia
839,Elizabeth Forges,256,fort,Port Ashley,Maryland,Christmas Island
840,Peterson Prairie,977,mouth,East Andrewberg,Mississippi,Switzerland
841,Virginia Stream,54,town,New Rodneyborough,Rhode Island,Egypt
842,Mooney Rue,903,haven,South Kevinview,Hawaii,Barbados
843,Vance Hill,560,bury,Port Saraside,North Carolina,Reunion
844,Fitzpatrick Knolls,221,shire,Dodsonside,West Virginia,Palau
845,Julian Parks,71,ton,Hillchester,Ohio,Bahamas
846,Abbott Spur,928,burgh,South Samuelfort,Alaska,Kuwait
847,Deanna Rapid,608,mouth,New Ryan,Kentucky,Kuwait
848,Garcia Junction,325,berg,Port Lindsay,Arizona,Mozambique
849,Jessica Passage,259,haven,Buckfurt,Washington,Gambia
850,Sarah Mills,958,chester,Morganbury,Virginia,Cote d'Ivoire
851,Amanda Union,263,land,West Edward,Oklahoma,Italy
852,Patrick Mall,977,furt,Brittanyberg,Iowa,Yemen
853,Brittany Forges,744,shire,Lake Ericside,Delaware,Iran
854,Michael Knoll,289,ville,Port Deanna,North Dakota,Romania
855,Webb Forge,569,port,Thomasmouth,North Carolina,Guinea
856,Megan Meadows,200,fort,Lake Connie,Arkansas,Kazakhstan
857,Evans Ranch,272,shire,East Bretthaven,Alaska,Malaysia
858,Garcia Crossing,214,haven,South Jeremy,Pennsylvania,Nauru
859,Diana Place,983,fort,Carterbury,Louisiana,Montserrat
860,James Squares,991,bury,East Annport,Louisiana,Hungary
861,Garcia Corner,318,fort,Campbellton,Vermont,Ethiopia
862,Porter Land,418,burgh,Romeroberg,Illinois,Bhutan
863,Joshua Rue,535,mouth,New Deanberg,Mississippi,Kenya
864,Ortega Mountain,744,bury,East Debra,Alaska,Indonesia
865,Toni Vista,933,shire,Sheliaberg,Washington,Yemen
866,Mclean Divide,994,chester,Michaelside,Illinois,Djibouti
867,Joseph Burg,667,side,Melissaborough,West Virginia,Cayman Islands
868,Elliott River,428,burgh,Port Aliciafort,Pennsylvania,Malta
869,Hernandez Plain,328,berg,South Shawna,Mississippi,French Southern Territories
870,Andre Village,871,furt,Port Megan,Delaware,Norfolk Island
871,Holly Junctions,664,town,Port Cody,Utah,Rwanda
872,Carr Path,210,berg,North Jennifer,California,Fiji
873,Smith Rue,507,land,Robinview,Wyoming,Botswana
874,Adams Ports,467,chester,West Andrewfurt,Alaska,Qatar
875,Lucas Stream,24,borough,Harrisville,Maine,Mexico
876,Steven Meadows,778,ton,East Christopherland,Delaware,Wallis and Futuna
877,John Spurs,471,town,New Kathleenfort,Illinois,Macedonia
878,Vincent Loaf,936,shire,South Kenneth,Connecticut,Estonia
879,John Garden,442,chester,Lake Nathan,Arizona,British Indian Ocean Territory (Chagos Archipelago)
880,Joe Forge,421,ville,Victorfort,Virginia,Pakistan
881,Fitzgerald Mission,317,port,East Sarah,New Jersey,Guinea
882,Stephen Port,897,chester,Port Sarahburgh,Ohio,Belgium
883,Jason Fort,860,port,West Samantha,Wisconsin,Namibia
884,Phillips Estate,725,port,East Jessicafort,New Jersey,Korea
885,Valerie Spurs,15,shire,Hernandezton,Mississippi,Ghana
886,Michael Inlet,100,ton,Cynthiamouth,Hawaii,Gibraltar
887,James Alley,190,borough,North Alexismouth,Oregon,Congo
888,Smith Coves,407,mouth,East Kathrynshire,Illinois,British Indian Ocean Territory (Chagos Archipelago)
889,Roman Course,743,berg,Smithland,Ohio,Maldives
890,Johnson Row,56,mouth,New Jacobtown,Texas,Vietnam
891,Snow Circle,532,furt,Taylorborough,Nebraska,Norway
892,Nguyen Trail,92,side,Galvanhaven,Vermont,Central African Republic
893,Wilson Lodge,214,haven,Maureenland,Connecticut,Brazil
894,Robin Bypass,503,burgh,Jonesmouth,Montana,Montserrat
895,Martin Freeway,404,view,Vasquezmouth,Arizona,Djibouti
896,Sheryl Flat,597,ville,New Anthonyhaven,Michigan,Turks and Caicos Islands
897,Stephen Walk,480,fort,Johnsonmouth,Kansas,Cape Verde
898,Nunez Mission,789,mouth,Michaelberg,Minnesota,Barbados
899,Anthony Vista,658,town,Steelefort,Missouri,Greece
900,Davis Neck,65,bury,South Christine,Rhode Island,Bangladesh
901,Deborah Locks,650,town,West Michaelside,Oregon,Peru
902,Anthony Mount,377,shire,West Cory,Maryland,Mayotte
903,Fernandez Harbors,194,haven,West Sharon,Rhode Island,Micronesia
904,Eric Haven,649,berg,West Stevenside,Illinois,Cape Verde
905,Andrew Creek,595,mouth,South Nancyburgh,Kentucky,Pitcairn Islands
906,Veronica View,185,view,Jessicaport,Washington,Guadeloupe
907,Pamela Lodge,129,shire,Amandamouth,Delaware,Afghanistan
908,Andrea Well,470,ville,Port John,Louisiana,Greece
909,Cortez Village,243,burgh,South Amandastad,Idaho,Serbia
910,Walters Rapid,740,mouth,Buchananport,Arizona,New Zealand
911,Riley Corner,308,town,Andersonville,Alaska,Thailand
912,Wilson Points,304,bury,West Denise,Utah,Niue
913,Jennifer Roads,223,chester,Knoxfurt,West Virginia,Kenya
914,Kelli Inlet,811,fort,East Michaelton,Delaware,Guadeloupe
915,Pierce Square,954,furt,New Julietown,Montana,Kiribati
916,Paul Summit,463,haven,Monicaberg,Colorado,Saint Vincent and the Grenadines
917,Simpson Rest,813,shire,Normanmouth,Maryland,Belize
918,Fernandez Stravenue,488,berg,Lake Charlesland,Alaska,Hong Kong
919,Lewis Road,285,haven,North Michelle,Wisconsin,Lesotho
920,Lopez Island,472,town,Reevesburgh,Michigan,Uzbekistan
921,Howard Pike,126,land,East Sandra,Wisconsin,Western Sahara
922,Kenneth Village,672,borough,New Mollyshire,South Dakota,Spain
923,Carrie Mall,521,view,Jonesland,Arkansas,Poland
924,Moore Court,575,furt,Wilsonport,Tennessee,Malaysia
925,Robinson Glen,455,side,Robertfurt,Oregon,Hungary
926,Wagner Port,663,borough,Jasonside,Alabama,Sierra Leone
927,Kristi Glen,286,berg,Ashleebury,Utah,Italy
928,Burke Station,663,shire,Durantown,Illinois,Honduras
929,Danielle Lights,922,port,Scottmouth,Hawaii,Australia
930,Matthew Knolls,211,side,South Aaronside,New Mexico,Syrian Arab Republic
931,Mark Brook,164,borough,West Adam,North Carolina,Venezuela
932,Monica Run,170,borough,Port Jenniferhaven,Kentucky,Belarus
933,Shawn Pine,437,mouth,North Richard,Arizona,Estonia
934,Bailey Club,412,berg,West Keithburgh,Texas,Trinidad and Tobago
935,Espinoza Stream,871,chester,Lake Stevenview,Colorado,Saudi Arabia
936,Kayla Key,342,side,East Michelle,Hawaii,Saint Barthelemy
937,Jonathan Plain,736,ville,South Christine,Connecticut,Mayotte
938,Lisa Fields,819,haven,Port Ericburgh,Arkansas,Puerto Rico
939,Denise Stravenue,18,mouth,West Mikaylaberg,Alaska,Ethiopia
940,Brooke Plaza,865,borough,Port Dennis,Texas,Zimbabwe
941,Hartman Coves,224,land,West Adam,Arizona,Saint Pierre and Miquelon
942,Beverly Station,802,berg,North Katieborough,Louisiana,Mauritania
943,Collin Orchard,31,land,East Cheryl,Ohio,New Caledonia
944,Munoz Oval,135,mouth,Jillchester,Montana,Italy
945,Craig Pass,359,town,Gonzalezside,Louisiana,Azerbaijan
946,Rogers Mission,770,port,North Matthewmouth,New Jersey,Solomon Islands
947,Nelson Ridge,252,burgh,West Stephaniemouth,South Dakota,Netherlands Antilles
948,Amy Courts,621,ville,North Manuelborough,Nebraska,Georgia
949,Valdez Dam,617,view,Maryville,Maine,Turkey
950,Mendez Via,836,berg,New Anthonyport,Mississippi,Gibraltar
951,Nicole Overpass,448,shire,Bairdmouth,Minnesota,Philippines
952,Dawson Mews,776,ton,Ruizburgh,Hawaii,Niue
953,Myers Harbor,484,view,Sharonland,Nevada,Liechtenstein
954,Vega Prairie,860,fort,Tashaton,New Hampshire,Mexico
955,Joel Harbors,851,burgh,Port Pamelachester,California,Monaco
956,Lisa Curve,319,side,Lake Chrisbury,Tennessee,American Samoa
957,Adam Rapid,456,town,Stephaniefort,Connecticut,Eritrea
958,Anderson Springs,722,haven,Sarahstad,South Dakota,Iran
959,Santiago Brooks,562,ville,East Nathan,New Mexico,French Guiana
960,Williams Run,481,borough,South Alexisberg,Rhode Island,Greece
961,Beth Valley,156,shire,North Donnamouth,Texas,Gibraltar
962,Giles Trafficway,476,haven,Lake Jane,New York,Bermuda
963,Moore Junction,219,ton,East Joechester,Kentucky,Svalbard & Jan Mayen Islands
964,Kelly Springs,220,shire,West Bryanshire,Alabama,Saint Pierre and Miquelon
965,Daniel Loaf,898,shire,South Jacob,Alabama,Iraq
966,Carey Squares,922,ton,Mirandamouth,New Mexico,El Salvador
967,Tara Fall,525,burgh,West Timothyside,Connecticut,Gibraltar
968,Joseph Vista,441,view,South Sheena,Wyoming,Monaco
969,Hernandez Streets,287,chester,Cervantesport,Wyoming,Anguilla
970,Wendy Brook,111,haven,Port Kyle,Georgia,Turks and Caicos Islands
971,Jones Rue,187,haven,New Crystal,Rhode Island,Faroe Islands
972,Sara Bridge,344,mouth,Fitzpatrickside,Utah,Ethiopia
973,Acosta Summit,811,haven,North Michele,Connecticut,Timor-Leste
974,John Trail,80,shire,Kathrynside,Idaho,Thailand
975,Garrett Rue,834,mouth,East Amyville,Wyoming,Namibia
976,Collins Orchard,957,view,Courtneyfurt,Arkansas,Nicaragua
977,Miller Parkway,255,burgh,East Thomasland,Idaho,Morocco
978,Proctor Way,623,ton,West Tylerland,Oklahoma,Tanzania
979,Benjamin Fields,749,burgh,Makaylaburgh,New Hampshire,Chad
980,William Haven,110,land,West David,South Carolina,Swaziland
981,Smith Passage,169,chester,South Chadshire,Washington,San Marino
982,Byrd Circle,463,port,Riversfurt,Virginia,Botswana
983,Johnson Estates,205,ton,Port Laurie,Connecticut,Bouvet Island (Bouvetoya)
984,Jennifer Flat,147,furt,Port Logantown,Connecticut,Liberia
985,Christine Rue,340,furt,Laneberg,Washington,Tokelau
986,David Stream,122,ton,East Jeffville,South Dakota,Saint Pierre and Miquelon
987,Dennis Meadow,413,bury,Justinhaven,California,Ethiopia
988,Andrew Forks,477,ville,South Samantha,West Virginia,Saint Martin
989,Kenneth Via,620,shire,Lake Robert,New Mexico,Solomon Islands
990,Maria Dale,715,mouth,East Chase,Georgia,Sudan
991,Sheri Meadow,635,borough,Zhangton,Tennessee,Switzerland
992,Burgess Loaf,415,side,Blakeport,Missouri,Kyrgyz Republic
993,Brooke Meadows,344,chester,Christopherton,Wisconsin,British Virgin Islands
994,Mary Flat,746,furt,Vickifort,Wisconsin,Eritrea
995,Reynolds Wall,71,furt,Port Ryanfurt,Maine,Belize
996,Rhonda Summit,86,town,Erinville,Oregon,United States Virgin Islands
997,Thompson Stream,838,fort,Alfredshire,Georgia,Suriname
998,Justin Turnpike,671,view,Williamstown,Illinois,Brazil
999,Bradley Loaf,638,borough,West Jessicaton,Vermont,French Polynesia
1000,Christopher Meadows,620,fort,Jasonport,Montana,Brazil
1001,Lee Square,717,mouth,Brianshire,New Mexico,Hungary
1002,Booker Estates,3,stad,East Lisa,Colorado,Italy
1003,Edward Land,333,mouth,East Ronaldbury,Michigan,Lao People's Democratic Republic
1004,Mccoy Mews,398,shire,Andersenton,Louisiana,United States of America
1005,James Village,695,burgh,Hopkinsport,Pennsylvania,Reunion
1006,Hughes Stream,570,port,Alyssaville,Michigan,Taiwan
1007,Carol Pine,95,mouth,Lake Sarah,Hawaii,Saint Vincent and the Grenadines
1008,Ashley Mountain,311,burgh,Port Rodneyburgh,Arizona,Norway
1009,Morrow Corner,509,ville,Lake Danielbury,North Carolina,Burundi
1010,Gill Divide,723,haven,South Roberttown,West Virginia,Vanuatu
1011,Lewis Ford,646,land,Ramirezmouth,West Virginia,Sierra Leone
1012,Harris Garden,945,furt,New Stacey,Wisconsin,Bouvet Island (Bouvetoya)
1013,Garcia Orchard,482,side,Sheppardstad,Texas,Saint Vincent and the Grenadines
1014,Melissa Meadow,805,bury,Jacquelineshire,Nebraska,Cote d'Ivoire
1015,Smith Mills,212,land,Lake Barbara,New Hampshire,Andorra
1016,Hale Viaduct,540,port,Lake Jesseside,Pennsylvania,Somalia
1017,Choi Mission,331,town,North Jordanville,Alaska,Congo
1018,Morgan Isle,634,port,West Sabrina,Wisconsin,Macao
1019,Larry Road,103,haven,Tranburgh,Maryland,Northern Mariana Islands
1020,Nicholas Expressway,494,bury,Michaelview,Hawaii,Marshall Islands
1021,Valdez Expressway,921,mouth,South Stephanie,Florida,Holy See (Vatican City State)
1022,Reyes Mountain,517,land,Lake Evanburgh,Virginia,Mexico
1023,Collins Divide,156,borough,Port Richard,Wisconsin,Svalbard & Jan Mayen Islands
1024,Jonathan Prairie,435,chester,Emilyberg,Hawaii,Georgia
1025,Larry Knolls,665,furt,Michaelport,Missouri,Brazil
1026,Tammy Freeway,68,view,Rushville,Minnesota,Iran
1027,Martinez Skyway,715,view,New Joseph,Alaska,Greenland
1028,Mary Skyway,979,bury,New Amber,Delaware,Somalia
1029,Smith Parkway,251,borough,Caldwellfurt,Wyoming,El Salvador
1030,Glen Village,193,chester,South Richardshire,North Carolina,Brunei Darussalam
1031,Aguilar Neck,861,borough,East Steven,Rhode Island,Micronesia
1032,Julie Island,314,land,New Chad,Pennsylvania,Jamaica
1033,Turner Vista,983,shire,East Kristen,Wisconsin,Palau
1034,Garrett Islands,804,berg,Bennettshire,Kansas,Pitcairn Islands
1035,Fuller Lake,275,stad,East Johnbury,Louisiana,Monaco
1036,Ramos Pike,451,fort,Lake Katelyn,Montana,El Salvador
1037,Thomas Forges,5,furt,South Corey,New Jersey,Cambodia
1038,Lisa Center,190,stad,East Hannah,Arizona,Liberia
1039,Jones Glens,214,town,Shepherdland,Kansas,Sudan
1040,White Plains,369,town,Lake Candacemouth,California,New Caledonia
1041,Diaz Summit,567,town,Lake Frederick,New Mexico,Mauritius
1042,Jimmy Fork,370,stad,Whiteville,Iowa,Mexico
1043,Jason Hills,609,view,Yateston,Louisiana,Finland
1044,Christopher Glen,894,furt,Henryland,Oregon,India
1045,Williams Wall,916,chester,Lukeburgh,Montana,Portugal
1046,Reginald Ways,722,side,New Renee,Louisiana,South Georgia and the South Sandwich Islands
1047,Hatfield Pike,290,mouth,New Valerietown,New Jersey,Yemen
1048,Barker Mall,889,fort,South Alexisborough,Ohio,Egypt
1049,Hutchinson Mall,713,side,Port Danielville,Georgia,Japan
1050,Robbins Locks,300,shire,North Nicoleside,Idaho,Netherlands
1051,Anne Garden,103,ton,North Michealmouth,Alaska,Angola
1052,Miller Knolls,527,burgh,Nelsonstad,Texas,Niger
1053,Amy Freeway,708,view,South Vanessamouth,Pennsylvania,India
1054,Melissa Mountains,830,burgh,Williamsside,Missouri,Angola
1055,Smith Trace,179,land,Thorntonhaven,New Mexico,Samoa
1056,Cardenas Burg,241,side,West Rodneyburgh,Oregon,Azerbaijan
1057,Mosley Island,428,ton,Barkerburgh,Florida,Antarctica (the territory South of 60 deg S)
1058,Mccoy Port,452,bury,Patelmouth,Georgia,Christmas Island
1059,Jonathan Street,236,haven,Tanyaborough,Tennessee,Monaco
1060,Ballard Radial,292,burgh,Campbellport,New Mexico,Zimbabwe
1061,David Viaduct,289,borough,New Jeffrey,Vermont,Seychelles
1062,Michelle Trafficway,92,stad,Masonburgh,Hawaii,Svalbard & Jan Mayen Islands
1063,Weber Corners,569,bury,Andrewshire,Washington,Syrian Arab Republic
1064,Bruce Grove,256,side,Serranoview,South Dakota,Tuvalu
1065,Maxwell Track,610,furt,Jesseside,Oklahoma,Croatia
1066,Dominique Common,119,furt,Port Jose,Washington,Uzbekistan
1067,George Ramp,136,borough,North Jerrymouth,New York,Central African Republic
1068,Nguyen Brooks,660,bury,East Courtney,New Jersey,Peru
1069,Renee Isle,30,mouth,East Danielfurt,Utah,Ethiopia
1070,David Mountain,696,berg,Rachelfort,Rhode Island,Uzbekistan
1071,Walker Fords,723,side,New Lisa,Alaska,Slovakia (Slovak Republic)
1072,Paul Burg,654,fort,Maryfurt,Nebraska,Niue
1073,Morgan Walks,362,berg,Davidton,Illinois,Hungary
1074,Brooks Parks,895,mouth,South Christineview,Louisiana,Zimbabwe
1075,Quinn Plaza,219,berg,Jasonborough,Maryland,Cuba
1076,Graham Passage,599,ville,Philipton,Mississippi,Falkland Islands (Malvinas)
1077,Yu Causeway,155,chester,Kimshire,Washington,Ireland
1078,Jamie Brook,376,mouth,Sarahtown,Nebraska,Armenia
1079,Franklin Valley,704,side,Port Patricia,Florida,Canada
1080,Washington Overpass,549,bury,Lake Alex,Nebraska,Tajikistan
1081,Paul Freeway,731,berg,Trevorland,Massachusetts,Estonia
1082,Richards Run,884,port,Wigginsshire,Virginia,Tuvalu
1083,Angela Unions,43,mouth,Susanfort,North Dakota,Cocos (Keeling) Islands
1084,Powell Crescent,352,mouth,Carsonshire,Oregon,Samoa
1085,Rich Ville,561,fort,Daniellefort,Pennsylvania,Northern Mariana Islands
1086,Anthony Fort,586,chester,West Kimberly,Alabama,United States of America
1087,Karen Parkway,18,view,Williamsshire,Alaska,Holy See (Vatican City State)
1088,Dixon Lane,529,side,Harmontown,Montana,Svalbard & Jan Mayen Islands
1089,Mckee Gateway,93,view,Wanghaven,South Carolina,Swaziland
1090,Walton Walk,469,borough,Angelabury,Hawaii,Latvia
1091,Miller Valley,739,stad,Lake Elizabethfurt,Maine,Andorra
1092,Thomas Ford,71,shire,Port Heidi,South Carolina,Pakistan
1093,Olson Throughway,847,ton,Port Garystad,Mississippi,Tonga
1094,Kimberly Run,71,berg,Morrisstad,Michigan,Philippines
1095,Harris Curve,912,bury,East Christine,Indiana,Poland
1096,Anita Crossing,821,ville,North Annette,Montana,United States Minor Outlying Islands
1097,Martin Trafficway,184,furt,Brownland,North Dakota,Saint Kitts and Nevis
1098,Sarah Mission,393,view,North Scottton,Wisconsin,Samoa
1099,White Parkway,385,town,Lake Stevenfurt,Washington,Lesotho
1100,Villarreal Valleys,106,berg,South Sherry,Arkansas,Brazil
1101,Sean Isle,495,berg,West Jonathanhaven,Washington,Armenia
1102,Green Knolls,469,ville,East Tony,Illinois,Belarus
1103,James Locks,259,mouth,North Brianland,South Carolina,Jordan
1104,Stevens Underpass,525,bury,Lake Kerristad,Maryland,Cook Islands
1105,Stacey Stream,422,borough,North Reneeville,Delaware,Kazakhstan
1106,Ramsey Haven,540,side,Lake Samantha,West Virginia,Papua New Guinea
1107,Klein Mill,107,haven,Adamview,Arizona,Saudi Arabia
1108,Young Terrace,445,side,Thomasshire,Virginia,Mozambique
1109,Lisa Square,717,chester,New Wendyfort,Arkansas,Congo
1110,James Manor,508,side,Myerston,New Mexico,Cook Islands
1111,Martinez Island,806,burgh,Lake Kelly,Michigan,Czech Republic
1112,Victoria River,62,land,Lake Susan,Hawaii,Chad
1113,Williams Divide,37,bury,Tranbury,West Virginia,New Zealand
1114,Janet Isle,858,ville,Wardview,Massachusetts,Oman
1115,Duane Ridges,540,furt,South Amandaberg,Alaska,Equatorial Guinea
1116,Wagner Mountains,627,side,Millerhaven,Maine,Reunion
1117,Jeffrey Parks,915,ton,Browntown,New Mexico,Belarus
1118,Simon Corner,886,borough,Galvantown,Washington,Kiribati
1119,Mitchell Rapids,675,stad,South Gregory,Montana,Malaysia
1120,Amy Road,712,ville,Lake Ashleymouth,Iowa,Micronesia
1121,Lawson Parks,396,fort,West Kathleen,North Dakota,Puerto Rico
1122,Wood Forks,311,mouth,Hurstberg,Texas,Wallis and Futuna
1123,Perez Lights,977,furt,Alexisbury,Idaho,Italy
1124,Thornton Drives,951,bury,Hoganside,Maryland,Dominica
1125,Joshua Centers,949,shire,North Michael,Arizona,French Polynesia
1126,Donaldson Hollow,872,berg,New Sonya,Nebraska,Zimbabwe
1127,Chris Point,253,town,South Amanda,Tennessee,Seychelles
1128,Kevin Island,239,mouth,Philipshire,New York,Sao Tome and Principe
1129,Barbara Union,103,town,Erintown,Pennsylvania,Australia
1130,Glenn Vista,383,borough,West Davidbury,Nevada,Andorra
1131,Schroeder Port,298,town,Josephport,Alaska,El Salvador
1132,Hawkins Centers,757,burgh,Lake Gabrielchester,Kansas,Fiji
1133,Hernandez Mission,17,port,West Lisabury,Wisconsin,British Indian Ocean Territory (Chagos Archipelago)
1134,Anne Falls,555,chester,Oscarberg,Wyoming,Ghana
1135,Simmons Overpass,398,burgh,Lake Rachelport,Nevada,Moldova
1136,Jensen Mountains,982,borough,West Ricardoport,Massachusetts,Guatemala
1137,Nguyen Heights,804,view,West Jamie,Ohio,United States Minor Outlying Islands
1138,Anne Dale,493,ville,North Richardborough,Nevada,Barbados
1139,William Islands,768,town,Port Kimberlymouth,New Hampshire,Northern Mariana Islands
1140,Spencer Common,583,furt,Brucebury,Connecticut,Saint Lucia
1141,Ayala River,392,port,Youngton,Texas,Macao
1142,Xavier Pines,944,land,West Stevenberg,Wyoming,Faroe Islands
1143,Mitchell Trace,41,shire,Port Betty,Indiana,United States of America
1144,Daniel Fort,714,ton,Cookside,Texas,Cape Verde
1145,Cox Flats,617,haven,Wolfeton,Oklahoma,Armenia
1146,Rodriguez Islands,801,borough,Jenkinsmouth,Indiana,Trinidad and Tobago
1147,Martinez Run,431,ton,East Kimberly,Florida,Philippines
1148,Kelly Tunnel,957,stad,Port Cynthiaborough,Utah,Cote d'Ivoire
1149,Ashley Rapid,186,mouth,Marieside,Colorado,Cook Islands
1150,Howard Summit,265,ville,Jonathanmouth,South Dakota,Greece
1151,Rodriguez Drive,547,view,South Edward,Tennessee,Dominica
1152,Harrington Throughway,686,mouth,Frenchmouth,Nevada,Lesotho
1153,Kaitlyn Summit,408,port,Lake Kathleenstad,Wisconsin,Australia
1154,Davis Squares,394,town,Olsonchester,Montana,Costa Rica
1155,Kathryn Mountains,587,furt,Carlaberg,Alabama,Anguilla
1156,Huang Spur,238,town,Brianaport,Kansas,Pitcairn Islands
1157,Jacob Prairie,326,shire,West Ryan,Wyoming,New Zealand
1158,Carpenter Ranch,538,stad,Andreaborough,Texas,Slovenia
1159,Danielle Trail,275,stad,North Andrew,Nebraska,Solomon Islands
1160,Edwards Spurs,867,fort,Stevenburgh,Louisiana,Samoa
1161,Danny Expressway,474,burgh,Mooreshire,Idaho,Syrian Arab Republic
1162,David Mall,811,ton,Lewisburgh,Vermont,Cayman Islands
1163,Kent Brooks,105,port,West Marissamouth,Tennessee,Saint Barthelemy
1164,Angela Village,927,ton,Collinsfort,Wyoming,Saint Helena
1165,Judy Freeway,1000,berg,Hayleyhaven,Alaska,Jersey
1166,Stacy Fall,244,burgh,Lisaborough,Massachusetts,Georgia
1167,Sara Court,389,view,Lake Amanda,Kentucky,Somalia
1168,Nicholas Motorway,796,berg,Thompsonview,Georgia,Afghanistan
1169,Courtney Dam,70,side,East Shelleymouth,Kentucky,Togo
1170,Nichole Crossing,309,town,Lopeztown,New Hampshire,Vietnam
1171,Hannah Lodge,776,ville,Huntport,North Carolina,Sao Tome and Principe
1172,Michelle Brooks,199,borough,New Ashley,Hawaii,Guadeloupe
1173,Brown Lodge,458,burgh,South Sean,Nevada,Latvia
1174,Osborne Cove,236,fort,Port Janetmouth,Tennessee,Jordan
1175,Hubbard Skyway,390,view,New Matthewport,Arkansas,Belgium
1176,Kimberly Islands,496,view,South Russell,Washington,Israel
1177,Jose Estate,122,town,New Davidberg,West Virginia,Saint Lucia
1178,Tyler Coves,434,stad,Robertsstad,Texas,Eritrea
1179,Kennedy Springs,581,stad,Perezside,Rhode Island,Italy
1180,Frank Light,849,mouth,East Amber,West Virginia,Iran
1181,Alexander Locks,90,view,Owensberg,South Carolina,Argentina
1182,Keith Wall,15,ton,West Davidville,Pennsylvania,French Southern Territories
1183,Mitchell Islands,317,side,Perezberg,California,Lithuania
1184,Mason Union,172,ville,East Heather,Pennsylvania,Bangladesh
1185,Marquez Divide,939,port,North Scottstad,Delaware,Burkina Faso
1186,Pope Landing,207,chester,Lake Kayla,Pennsylvania,Falkland Islands (Malvinas)
1187,Anderson Trace,912,bury,Arthurshire,Alaska,Guadeloupe
1188,Valerie Views,356,furt,New Janet,North Dakota,Guinea
1189,Michael Ridges,882,chester,East Jonathonburgh,Mississippi,Croatia
1190,Edward Stream,19,mouth,Port Jeffrey,Arkansas,Falkland Islands (Malvinas)
1191,Larry Lights,390,furt,Jamesburgh,Vermont,Svalbard & Jan Mayen Islands
1192,Shelia Mount,448,fort,Ericstad,Idaho,Pakistan
1193,Nguyen Shoal,558,mouth,Thompsonview,Tennessee,Cambodia
1194,Donald Cliff,712,mouth,Dominicchester,Massachusetts,Mauritius
1195,Salazar Lakes,34,ville,Houstonhaven,Pennsylvania,Venezuela
1196,Brandon Garden,121,haven,Stephenmouth,Maine,Korea
1197,Madison Tunnel,552,view,Christopherburgh,South Carolina,Slovenia
1198,Brandon Rapids,417,fort,West Jenniferchester,Colorado,Cayman Islands
1199,Sara Drives,556,chester,Davidfurt,New Mexico,Turkmenistan
1200,April Mill,992,side,New Kelly,Washington,Senegal
1201,Andrea Rue,861,view,North Martin,Arizona,Senegal
1202,Ryan Parkway,618,shire,Martinland,Colorado,Bahrain
1203,James Loaf,172,mouth,Tuckerville,South Carolina,Seychelles
1204,Harrison Extensions,397,furt,Lake Reneetown,Georgia,Nigeria
1205,Laura Inlet,664,shire,West Heather,New Hampshire,Kenya
1206,Heather Turnpike,722,shire,West Savannahborough,New York,Faroe Islands
1207,Bautista Path,336,bury,Lake Kendra,Nebraska,Isle of Man
1208,John Trafficway,147,berg,Port Amy,Rhode Island,Turks and Caicos Islands
1209,Zavala Extension,527,town,West Natalie,Wisconsin,Grenada
1210,Marilyn Track,834,ville,South Stefaniebury,Kentucky,Thailand
1211,Daniel Motorway,248,berg,Rayfort,Wyoming,Czech Republic
1212,Billy Inlet,754,bury,Shelleybury,Maryland,Latvia
1213,Jonathan Loaf,187,borough,Houstonchester,Colorado,Kazakhstan
1214,Khan Hill,635,view,New Joshua,Oklahoma,South Georgia and the South Sandwich Islands
1215,Michael Court,764,haven,Rochaberg,New Hampshire,Uganda
1216,Brenda Garden,697,shire,West Erin,Nebraska,Bouvet Island (Bouvetoya)
1217,Sonya Harbors,704,ton,Collinsstad,Ohio,Kuwait
1218,Jason Wall,695,ville,Weaverton,Utah,Korea
1219,Melanie Pike,536,ville,Scottberg,Illinois,French Polynesia
1220,Guzman Knoll,155,shire,Johnsonburgh,Wyoming,Croatia
1221,Walsh Brooks,577,town,Duanemouth,Tennessee,Cocos (Keeling) Islands
1222,Mayo Fords,495,side,Port Kevin,Oklahoma,Eritrea
1223,Robert Ville,852,shire,Robinsonshire,Arkansas,Morocco
1224,Miller Glen,562,bury,Philliptown,Oregon,Tuvalu
1225,Mike Shoals,215,view,Carlsonhaven,Vermont,Suriname
1226,Jennifer Knolls,622,shire,Ellenmouth,Nevada,Norway
1227,Morris Coves,344,ville,Howardtown,Washington,Egypt
1228,Fernandez Green,949,chester,Port Wendy,Kansas,Tonga
1229,Patricia Burg,261,borough,Flynnbury,Ohio,Congo
1230,Kari Square,430,ville,West Stephanie,Texas,Guadeloupe
1231,Hopkins Shore,313,ville,North Amy,Maryland,Egypt
1232,Palmer Forks,18,port,South Robertburgh,New Jersey,Latvia
1233,Salas Lights,281,furt,Port James,Illinois,Bangladesh
1234,John Underpass,738,haven,Wilkinschester,Louisiana,French Southern Territories
1235,Cassandra Path,90,chester,Jasonside,Maryland,Portugal
1236,George Freeway,303,shire,Higginsfurt,Minnesota,Paraguay
1237,Cooper Stream,981,side,Loganmouth,Idaho,Malta
1238,Roberts Drives,234,mouth,Erinfurt,Louisiana,Wallis and Futuna
1239,Adams Mills,112,ville,East Gina,Georgia,Ghana
1240,Jennifer Ports,206,town,East Annton,Arizona,United Arab Emirates
1241,Andrew Mount,145,stad,Nguyentown,Texas,Gambia
1242,Alicia Locks,169,haven,Jameston,New Hampshire,Bolivia
1243,Graham Brooks,646,haven,North Joshuabury,Iowa,Ghana
1244,Jacob Springs,993,view,Millerberg,Alaska,Brunei Darussalam
1245,Whitehead Ford,957,town,Port Christopherville,Maryland,Vanuatu
1246,Kaiser Parks,112,mouth,Kathrynside,North Carolina,Swaziland
1247,Jason Ridge,394,berg,Larryhaven,West Virginia,Switzerland
1248,Jennings Spurs,54,town,South Lisa,South Dakota,Costa Rica
1249,Stark Way,565,furt,Dayville,Iowa,Oman
1250,Derrick Inlet,953,burgh,Kristyport,Delaware,Niger
1251,York Lane,324,mouth,Port Nancy,Michigan,Switzerland
1252,Keith Squares,822,view,Stephenstad,Minnesota,Vietnam
1253,William Park,755,land,North Cherylfurt,Oklahoma,Italy
1254,Lee Key,61,chester,Conleyfort,Louisiana,Indonesia
1255,Roberts Ridge,735,haven,Fergusonshire,North Carolina,Dominican Republic
1256,Justin Crossing,902,ton,Murillofort,Arizona,Central African Republic
1257,Madeline Plain,695,mouth,West James,Wisconsin,Mauritius
1258,Olson Point,837,fort,Amyville,Ohio,Qatar
1259,Anna Hill,959,view,New Michael,New Jersey,Honduras
1260,Lewis Point,980,town,Stevenborough,Virginia,Austria
1261,Mcbride Fork,901,port,Andersonshire,New York,Canada
1262,Brian Green,982,side,Port Michaelfort,West Virginia,Brunei Darussalam
1263,April Burg,779,furt,West Jerrystad,Alaska,United Kingdom
1264,Erika Underpass,126,ton,New Janice,Kentucky,Iran
1265,James Lights,578,burgh,Lynnmouth,South Dakota,Mongolia
1266,Kelly Run,653,mouth,Danielchester,New Mexico,Trinidad and Tobago
1267,Jones Junctions,961,mouth,West Justin,Illinois,Paraguay
1268,Phelps Ridge,138,fort,North Brian,Hawaii,Sierra Leone
1269,Dustin Highway,883,town,New John,Tennessee,Suriname
1270,Williams Rue,772,bury,Lewisland,Maryland,Jamaica
1271,Campbell Trail,448,view,Greermouth,New York,Mauritania
1272,Paul Common,471,berg,New Frederick,Wyoming,Saint Vincent and the Grenadines
1273,Henderson Junctions,20,side,Alexanderfort,North Carolina,Mali
1274,Hughes Views,631,port,Lake Vincentshire,Nevada,Solomon Islands
1275,Julie Wells,219,stad,Robertton,South Carolina,Cote d'Ivoire
1276,Frank Ford,309,mouth,Newmanstad,Kentucky,Tanzania
1277,Kristen River,857,furt,Hartton,Oregon,Dominican Republic
1278,Nathan View,297,bury,West Joel,Kentucky,Morocco
1279,Ballard Parks,458,borough,Michellemouth,Utah,Comoros
1280,Teresa Forks,954,mouth,West Seth,Oklahoma,Portugal
1281,Cook Landing,958,burgh,East Jeremy,Colorado,Canada
1282,Mike Trail,616,port,New Jennifer,Illinois,Turkey
1283,Beasley Rapid,767,side,Adrianfurt,Louisiana,Tokelau
1284,Villa Path,257,ville,Harringtonburgh,Louisiana,Trinidad and Tobago
1285,Christian Station,653,stad,Justinton,Missouri,Tonga
1286,Frazier Corner,35,mouth,South Scott,Colorado,Kenya
1287,William Drives,226,burgh,Farrellmouth,Alaska,Brunei Darussalam
1288,Ryan Turnpike,246,fort,Christopherton,Hawaii,Jersey
1289,Jason Circle,408,berg,Leblancmouth,North Dakota,India
1290,Elizabeth Trail,620,port,South Carrieberg,New Jersey,Zambia
1291,Brooks Plain,357,shire,Port John,Pennsylvania,Heard Island and McDonald Islands
1292,Hughes Street,760,furt,West Suzanne,New Mexico,Luxembourg
1293,Allison Stravenue,204,stad,Pearsonport,Wyoming,Fiji
1294,Campbell Forge,503,view,Lake Darryl,Texas,Uganda
1295,Rachel Locks,311,town,West Lindaside,Oregon,Iceland
1296,James Light,170,shire,Port Dawn,South Carolina,Libyan Arab Jamahiriya
1297,Kenneth Island,980,ton,Traceytown,California,South Georgia and the South Sandwich Islands
1298,Leslie Hill,537,borough,Robertfort,Iowa,Cameroon
1299,Lauren Via,483,town,Jenniferland,Connecticut,Georgia
1300,Ray Underpass,253,fort,South Lindashire,Minnesota,Botswana
1301,Gregory Tunnel,510,port,Perkinsport,Minnesota,Jordan
1302,Andrea Spur,696,shire,Sarahland,Wyoming,Grenada
1303,Jennifer Glen,880,burgh,South James,Florida,Czech Republic
1304,Mccoy Mews,613,chester,Tammyhaven,Arizona,Mongolia
1305,Samantha Locks,249,land,North Sierraland,Iowa,Guyana
1306,Vanessa Turnpike,995,berg,Jamesfurt,Louisiana,Netherlands Antilles
1307,Nicole Spur,155,berg,Rhondafurt,New York,Moldova
1308,Rodriguez Island,232,shire,Samanthaborough,Michigan,Nigeria
1309,Lori Flats,293,borough,Port Laurastad,New Mexico,Montserrat
1310,Andrew Route,54,burgh,Mcdonaldtown,Alaska,Iran
1311,Lee Coves,791,mouth,Sandraside,Utah,Cape Verde
1312,George Coves,474,view,Oliverhaven,New Mexico,Gambia
1313,Joshua Wall,515,town,Margaretborough,Tennessee,Norway
1314,Tanner Haven,270,side,North Jessicaborough,Arizona,Benin
1315,Francis Station,930,town,Stephenview,Utah,Netherlands Antilles
1316,Baker Ferry,329,chester,Port Courtney,New York,Congo
1317,Jessica Station,190,haven,Carlaburgh,Pennsylvania,Botswana
1318,Phillip Orchard,107,shire,Hudsonmouth,Oregon,Bouvet Island (Bouvetoya)
1319,Cathy Track,935,haven,Youngmouth,Nevada,Comoros
1320,John Heights,634,haven,Mendozashire,Missouri,Djibouti
1321,Rachel Streets,258,ville,East Amanda,Washington,Luxembourg
1322,Emma Ferry,218,shire,North Jesusview,Maryland,Estonia
1323,Jennifer Heights,91,port,Eatonton,Illinois,Guatemala
1324,Johnson Hills,536,port,Sanchezchester,Arkansas,United Arab Emirates
1325,Kenneth Orchard,381,shire,North Marymouth,Oklahoma,Guyana
1326,Zavala Mountains,515,ton,South Troyberg,Kentucky,Western Sahara
1327,May Shores,63,haven,South Suzanne,New Hampshire,Albania
1328,Rodriguez Highway,274,chester,North Steven,Maine,Djibouti
1329,Rogers Mountain,738,haven,New Adamberg,Mississippi,Azerbaijan
1330,Bradshaw Heights,679,mouth,Lake John,Vermont,Indonesia
1331,Kathleen Grove,628,fort,South Brooke,New Mexico,Botswana
1332,Lori Estate,479,town,Mooreland,Michigan,Christmas Island
1333,Newman Square,207,ville,Ramosberg,Louisiana,Bangladesh
1334,Le Park,900,burgh,Debbiefurt,Connecticut,Congo
1335,Christina Union,374,ton,East Elizabethstad,North Dakota,British Virgin Islands
1336,Christopher Estates,219,chester,Lake Olivia,Indiana,Mayotte
1337,Holmes Center,945,borough,East James,South Carolina,Switzerland
1338,Petty Lodge,287,haven,Port Ricky,Oklahoma,Cuba
1339,Taylor Station,833,fort,West Garystad,Kentucky,Indonesia
1340,Brian Loaf,401,mouth,Kendramouth,Maine,Ethiopia
1341,Hamilton Union,817,fort,Hartstad,Wisconsin,United States Minor Outlying Islands
1342,Allison Plains,222,port,Carpentertown,Michigan,Cambodia
1343,Lawrence Squares,771,town,Melissaville,Nebraska,Guam
1344,Morgan Keys,419,bury,North Raymondstad,Wyoming,Northern Mariana Islands
1345,Marilyn Drive,730,fort,Lake Tina,Oregon,Slovenia
1346,Robinson Trail,67,port,South Sarah,Wyoming,Maldives
1347,Peterson Ferry,428,chester,Susanstad,West Virginia,Angola
1348,Kelly Burgs,21,furt,Taylormouth,Alaska,Seychelles
1349,Bennett Drives,488,haven,North David,Oregon,Saint Kitts and Nevis
1350,Patricia Fall,434,ville,Alyssaville,Ohio,Cambodia
1351,Sarah Tunnel,526,ton,Sloanhaven,Virginia,Pitcairn Islands
1352,Crystal Pass,900,town,West Pamelaborough,South Dakota,China
1353,Mullins Place,261,ville,West Tyler,Missouri,South Africa
1354,Scott Roads,998,town,Christinamouth,Illinois,Hungary
1355,Jo Field,486,stad,Silvaville,Ohio,Bermuda
1356,Burns Trail,728,town,Ramirezmouth,New Mexico,Trinidad and Tobago
1357,Shea Fort,541,town,Lake Krista,Tennessee,Croatia
1358,Rhodes Plaza,652,chester,Jillberg,Utah,Norfolk Island
1359,Sandra Trafficway,998,ton,Jenniferburgh,California,Vietnam
1360,Brenda View,237,ton,Rogersborough,Pennsylvania,Holy See (Vatican City State)
1361,Victoria Village,801,chester,Debraborough,Nebraska,Lithuania
1362,Blackwell Branch,511,fort,East Danielstad,Nebraska,Senegal
1363,Bridget View,64,view,Williamsview,Alaska,Belize
1364,Ross Inlet,257,chester,West Stacey,Arkansas,Maldives
1365,Kerry Spur,478,mouth,Courtneyshire,Kansas,Ghana
1366,Brooks Corners,595,bury,Jonesmouth,Massachusetts,Kazakhstan
1367,Bautista Lane,417,burgh,Angelaside,Minnesota,Bosnia and Herzegovina
1368,Tyler Islands,660,berg,Chadtown,Idaho,Syrian Arab Republic
1369,Cook Burgs,110,borough,Samuelberg,Michigan,Sri Lanka
1370,Gutierrez Crossroad,790,berg,Port Maria,Delaware,South Africa
1371,Marcus Meadow,837,fort,East Thomasport,Georgia,Sri Lanka
1372,Young Viaduct,787,town,East Vincentland,Rhode Island,Indonesia
1373,Perez Summit,567,side,South Keith,Oklahoma,Mongolia
1374,Bates Throughway,350,town,West Sharonville,South Carolina,Vietnam
1375,Castillo Landing,712,side,East Danielchester,Maine,Faroe Islands
1376,Shah Lights,771,borough,Robertsonton,South Carolina,Heard Island and McDonald Islands
1377,Garcia Crossing,382,port,Port Robertborough,Delaware,Korea
1378,Rose Pike,74,burgh,Susanchester,Florida,Greece
1379,Nicholas Square,733,shire,East Sarah,Illinois,Barbados
1380,Julie Square,365,mouth,East Jack,New Mexico,Guinea
1381,Booth Pines,33,haven,East Jeanbury,Maryland,Rwanda
1382,Black Flats,60,side,Lewisfurt,Indiana,Macao
1383,Jimmy Hills,131,chester,Masseyburgh,Oklahoma,South Africa
1384,Shea Route,486,burgh,North Allisontown,Minnesota,Madagascar
1385,Bradshaw Rue,96,ton,West Amandaside,Washington,Cote d'Ivoire
1386,Scott Key,260,view,Michaelchester,South Carolina,Macao
1387,Mcmahon Knolls,951,shire,East Austin,South Carolina,Greece
1388,Crawford Inlet,458,chester,New Michellefurt,Rhode Island,Martinique
1389,Diaz Oval,184,mouth,North Lindaburgh,Delaware,Montserrat
1390,Rosario Branch,423,bury,Amytown,New Hampshire,Benin
1391,Ryan Lock,102,town,Deannachester,New Hampshire,Oman
1392,Hurst Islands,447,furt,Georgeville,Pennsylvania,Slovenia
1393,Barber Squares,984,mouth,Huangmouth,Delaware,Timor-Leste
1394,Tiffany Mount,772,mouth,West Nancy,Wyoming,Niger
1395,Andrea Shoals,127,bury,Philipchester,Utah,Montserrat
1396,Austin Center,160,ville,Evansville,Wyoming,Gambia
1397,Perez Mission,559,view,East Anthony,Wyoming,China
1398,Shannon Stravenue,682,ton,New Melissafurt,Arizona,Myanmar
1399,Phillips Roads,122,shire,South Andrewport,Tennessee,Romania
1400,Ryan Fort,46,shire,New Earl,Arizona,American Samoa
1401,Juan Stravenue,108,burgh,Lake Christopherfort,Nebraska,Afghanistan
1402,Salinas Causeway,926,port,West Jasonshire,New York,Zambia
1403,Eric Green,325,berg,Lake James,Louisiana,Mauritania
1404,Rodriguez Gateway,597,borough,East Denisemouth,South Carolina,Belgium
1405,Allen Dam,157,side,Lake Richard,New Jersey,Thailand
1406,Lisa Mission,149,bury,Hugheschester,Utah,Haiti
1407,Taylor Well,727,ville,East Brittanyport,Mississippi,Antarctica (the territory South of 60 deg S)
1408,Barnes Trail,303,haven,East Ericview,New Jersey,United Arab Emirates
1409,Sanford Ville,722,town,South Davidborough,West Virginia,Lao People's Democratic Republic
1410,Heidi Trail,300,chester,South Matthew,Maryland,Puerto Rico
1411,Clarke Mews,219,berg,New Danielfurt,Colorado,Bulgaria
1412,Osborn Route,46,ton,West Daniellebury,Oregon,Turks and Caicos Islands
1413,Billy Road,707,land,Baileyhaven,Michigan,Venezuela
1414,Tanner Groves,419,town,East Debra,South Dakota,Reunion
1415,Valentine Port,739,land,Timothymouth,Louisiana,Malta
1416,Beth Falls,787,side,Kingport,Maine,Armenia
1417,Jackson Radial,52,fort,South Frank,Pennsylvania,Madagascar
1418,Douglas Tunnel,120,fort,Johnsonchester,South Carolina,Netherlands
1419,Simon Via,100,ton,Spenceberg,Wisconsin,Cambodia
1420,Mendoza Parkways,477,fort,Lake Trevorburgh,Louisiana,Tokelau
1421,Ian Canyon,184,mouth,Bakerbury,California,Indonesia
1422,Gordon Island,924,berg,New Jasonburgh,Massachusetts,Malta
1423,Marcus Junctions,626,chester,Dudleyville,Virginia,New Zealand
1424,Michael Roads,423,haven,Port Kenneth,Hawaii,British Virgin Islands
1425,Turner Plaza,257,mouth,North Luis,Arizona,Paraguay
1426,Wendy Highway,21,mouth,Amandachester,Nebraska,Bolivia
1427,Wong Gardens,935,bury,Meganville,Maryland,Colombia
1428,Thomas Divide,612,mouth,Anthonyview,Oregon,Dominican Republic
1429,Clark Gardens,157,fort,West Aliciaview,Idaho,Namibia
1430,Randolph Glen,585,bury,Lake Sarahchester,Washington,Belarus
1431,Williams Cove,433,haven,West Richardtown,Colorado,Turkey
1432,Isaac Centers,174,fort,Wilsonborough,Tennessee,Qatar
1433,Diana Row,493,berg,South Marissaborough,Missouri,Holy See (Vatican City State)
1434,Thomas Fork,796,chester,Stacyton,Oklahoma,Mozambique
1435,Gordon Pines,137,side,Lake Kevin,Alabama,United States Minor Outlying Islands
1436,Lance Run,104,ville,Lake Rogerhaven,Minnesota,Palau
1437,Velazquez Court,810,view,New Amandafurt,Colorado,Cayman Islands
1438,Allen Flats,180,stad,Roberthaven,Missouri,Ukraine
1439,Ronald Expressway,760,port,New Ashleyshire,California,Malaysia
1440,Travis Fork,209,ville,Jenniferland,Texas,Austria
1441,Julie Ports,943,fort,New Cathyburgh,New Hampshire,Brunei Darussalam
1442,Morales Walks,381,port,Davidton,Alaska,Lesotho
1443,Anna Ridges,212,chester,Tanyaside,Ohio,Christmas Island
1444,David Loop,276,furt,South Coreymouth,Mississippi,Congo
1445,Powers Passage,26,mouth,Petersonport,Wyoming,United States of America
1446,Phillips Shoal,632,borough,Lopezborough,Oklahoma,Togo
1447,Daniel Junctions,158,furt,Henrychester,Alabama,Trinidad and Tobago
1448,Sabrina Loop,134,ton,North Brianna,Kentucky,United Kingdom
1449,James Lakes,651,view,Lake Mark,Oregon,Guinea
1450,Blake Bypass,659,mouth,Grahamton,Kansas,Gabon
1451,Jones Stream,966,side,North Eduardohaven,New Jersey,Jordan
1452,Jason Courts,695,stad,West Samuel,Vermont,Italy
1453,Melissa Haven,67,bury,South Tracyport,West Virginia,Saint Barthelemy
1454,Hamilton Terrace,131,shire,Davidfurt,Kentucky,Yemen
1455,Stephen Cliffs,545,haven,Wesleyfurt,Vermont,Ecuador
1456,Jackson Circles,159,side,North Kathryn,Georgia,New Zealand
1457,Shannon Unions,497,chester,Sosabury,New Mexico,Rwanda
1458,Miller Path,607,shire,Amystad,Minnesota,Lebanon
1459,Buck Skyway,388,bury,New Markmouth,South Dakota,Honduras
1460,Cobb Plaza,164,berg,New Shannon,Florida,Monaco
1461,Nicholas Neck,865,furt,Brianside,South Carolina,Guyana
1462,James Skyway,773,haven,East Gregory,Oklahoma,Mexico
1463,Walter Motorway,666,burgh,East Michaelville,Pennsylvania,Isle of Man
1464,Brown Points,614,furt,Hardytown,Minnesota,Palestinian Territory
1465,Miller Point,1000,mouth,Jeremystad,Nebraska,Egypt
1466,Black Plains,760,burgh,Meganborough,South Dakota,Mauritius
1467,Jonathan Extension,195,stad,Kimton,Nebraska,Antigua and Barbuda
1468,Henderson Oval,826,port,South James,North Carolina,Djibouti
1469,Jack Brooks,992,haven,Wrightstad,Wyoming,Nepal
1470,Jacob Road,50,berg,Haynesville,South Carolina,Chile
1471,Levine Stream,419,ville,Kevinborough,Maryland,Jersey
1472,Peters Cliffs,449,furt,South Christopherhaven,Wisconsin,Botswana
1473,Austin Centers,630,haven,Weaverhaven,Delaware,New Zealand
1474,Jessica Views,37,shire,Gomeztown,Connecticut,Togo
1475,Chad Mountain,355,berg,New Crystalborough,Kansas,Jersey
1476,Jason Glen,630,shire,Juanstad,New Mexico,Greece
1477,Rachel Brook,486,town,New Lorimouth,New Mexico,Morocco
1478,Gonzalez Forge,317,side,East Angelatown,Minnesota,Myanmar
1479,Robert Centers,292,fort,South Diane,Connecticut,Bhutan
1480,Manuel Roads,859,view,New Mariafort,Wyoming,Bouvet Island (Bouvetoya)
1481,Edwards Common,15,burgh,Wendyshire,Tennessee,Guyana
1482,Daniel Harbor,332,shire,Port Michellestad,Iowa,United Arab Emirates
1483,William Meadow,513,ville,Davisfort,Colorado,Zambia
1484,Rogers Alley,951,chester,Stevenville,Oklahoma,Kazakhstan
1485,Austin Harbors,611,chester,Hollyville,Colorado,Uruguay
1486,Frederick Crossing,953,bury,North Stephanie,Florida,Korea
1487,Cook Gardens,501,borough,Wilsonmouth,Rhode Island,Hungary
1488,Bird Coves,968,stad,East Brendanland,Wisconsin,Indonesia
1489,Brittney Stream,166,mouth,New Gregoryhaven,South Dakota,Egypt
1490,James Mountain,660,borough,South Lisaside,Rhode Island,Trinidad and Tobago
1491,Jared Ways,348,mouth,Lake Nathanstad,North Carolina,Albania
1492,Maria Shore,33,mouth,New Alison,Michigan,Western Sahara
1493,Oconnor Bridge,424,mouth,Lake Timothyshire,Pennsylvania,Mozambique
1494,Riggs Glens,968,haven,Michaelmouth,Ohio,Norway
1495,Nash Drive,942,ton,West Theodoreville,Nebraska,New Zealand
1496,Bailey Courts,175,ton,South Lucas,North Dakota,Poland
1497,Tammy Port,159,chester,Carrieton,North Carolina,Guinea-Bissau
1498,Fuller Terrace,313,ville,West Melissachester,Arizona,Yemen
1499,Roberts Crest,172,port,East Vanessafort,Kentucky,Ireland
1500,Amanda Plain,865,view,Lake Oscar,Nebraska,Saint Martin
